Release,Supplier, Review,Tag Number,QTY Released,Unit,Size,Description,Material,Lining,Coating,Release Date,Due Date,Area,System,Contract Dwg,System2,Shop Dwg,Delivered QTY,Need QTY,Received On,Received By,Storage Location,Notes,Estimate Cost,Contract Unit Price,Contract Extended Price,Above/Below,Invoice No.,Invoice Unit Price,Invoice Extended Price,Delta (Invoice-Contract),QTY Invoiced to Date,,
1,KAT,ok,101U-48-01,2,EA,"48"" x 18'-00""",CL53 FLGxPE SPOOL,DI,P401,Primed,2/19/2026,5/4/2026,Headworks,"48"" Influent Force Main + Future 48"" Force Main","60% QAQC - M10-101, M10-202",Plant Influent,,2, ,5/5/2026,David Nigro,Pipe Laydown,,," $37,103.14 "," $74,206.28 ",Riser,3864(2)," $37,103.14 "," $74,206.28 ", $-   ,2,07/22/2026 (2) East side of Headworks (Brittian),
1,KAT,ok,101U-48-02,2,EA,"48""","48"" MJ 90 BEND",DI,P401,Asphaltic,2/19/2026,5/4/2026,Headworks,"48"" Influent Force Main","60% QAQC - M10-101, M10-202",Plant Influent,,2, ,5/4/2026,David Nigro,Pipe Laydown,,," $22,015.00 "," $44,030.00 ",Below,3858(2)," $22,015.00 "," $44,030.00 ", $-   ,2,07/22/2026 (2) Eastside of Headworks (Brittian),
1,KAT,ok,101U-48-03,80,LF,"48""",CL50 DI RJ,DI,P401,Asphaltic,2/19/2026,5/4/2026,Headworks,"48"" Influent Force Main","60% QAQC - M10-101, M10-202",Plant Influent,,78,2,4/20/2026,Brittian Sanders,Pipe Laydown,"78.15 LF delivered 4/20
40 LF GFL",, $967.06 ," $77,364.80 ",Below,3810(78), $967.06 ," $75,575.74 "," $(1,789.06)",78,07/22/2026 (2) (Gauged) Eastside of Headworks (Brittian),
1,KAT,ok,101U-48-04,1,EA,"48""","48"" MJ CAP w/ 2"" NTP TAP",DI,P401,Asphaltic,2/19/2026,5/4/2026,Headworks,"Future 48"" Influent Force Main","60% QAQC - M10-101, M10-202",Plant Influent,,1, ,7/7/2026,Pablo Chapellin,Pipe Laydown ,,,, $-   ,Below,4160(1)," $11,547.00 "," $11,547.00 "," $11,547.00 ",1,,
1,KAT,ok,101U-48-05,5,EA,"48""","48"" Megalug w/ Accessory Kit",,,,2/19/2026,5/4/2026,Headworks,"48"" Influent Force Main",,Plant Influent,,5, ,6/1/2026,David Nigro,Pipe Laydown,,," $2,630.00 "," $13,150.00 ",Below,3885," $2,630.00 "," $13,150.00 ", $-   ,,,
,,,,,,,,,,,,,,,,,,, ,,,,,,, $-   ,,,, $-   , $-   ,,,
1,KAT,ok,104Ua-30-01,2,EA,"30"" x 14'-06""","CL53 FLGxPE WALL PIPE - FLG TFS NPT WC 16"" FROM FLG",DI,P401,Asphaltic,2/19/2026,5/4/2026,BNR 1 and 2,"30"" ML BNR Underslab","60% QAQC - M20-303,M20-101,M20-401",ML,,2, ,5/7/2026,David Nigro,Pipe Laydown,,," $15,448.17 "," $30,896.34 ",Below,3885," $15,448.17 "," $30,896.34 ", $-   ,,,
1,KAT,ok,104Ua-30-02,40,LF,"30""",CL51 DI RJ,DI,P401,Asphaltic,2/19/2026,5/4/2026,BNR 1 and 2,"30"" ML BNR Underslab","60% QAQC - M20-303,M20-101,M20-401",ML,,59,-19,4/20/2026,,Pipe Laydown,"20 LF del 4/20/26
39 LF del 7/2/26",, $405.62 ," $16,224.80 ",Below,3858(20);4179(20), $405.62 ," $23,931.58 "," $7,706.78 ",40,6/2/2026 (1) BNR 2 Southside (Staley),
1,KAT,ok,104Ua-30-03,1,EA,"30""","30"" MJ 90 BEND",DI,P401,Asphaltic,2/19/2026,5/4/2026,BNR 1 and 2,"30"" ML BNR Underslab","60% QAQC - M20-303,M20-101,M20-401",ML,,1, ,5/4/2026,David Nigro,Pipe Laydown,,," $6,730.00 "," $6,730.00 ",Below,3858," $6,730.00 "," $6,730.00 ", $-   ,,,
1,KAT,ok ,104Ua-30-05,2,EA,"30""","30"" Megalug w/ Accessory Kit",,,,2/19/2026,5/4/2026,BNR 1 and 2,"30"" ML BNR Underslab","60% QAQC - M20-303,M20-101,M20-401",ML,,2, ,6/12/2026,Chelsea Vohwinkle,Pipe Laydown,,," $1,061.00 "," $2,122.00 ",Below,4028," $1,061.00 "," $2,122.00 ", $-   ,,6/2/2026 (2) BNR 2 Southside (Staley),
,,,,,,,,,,,,,,,,,,, ,,,,,,, $-   ,,,, $-   , $-   ,,,
1,KAT,ok,104Ub-30-01,2,EA,"30"" x 14'-06""","CL53 FLGxPE WALL PIPE - FLG TFS NPT WC 16"" FROM FLG",DI,P401,Asphaltic,2/19/2026,5/4/2026,BNR 3 and 4,"30"" ML BNR Underslab","60% QAQC - M20-303,M20-101,M20-401",ML,,2, ,5/7/2026,David Nigro,Pipe Laydown,,," $15,448.17 "," $30,896.34 ",Below,3885," $15,448.17 "," $30,896.34 ", $-   ,,7/1/2026 (2) Trains 3&4 Mixed Liquor (Gore),
1,KAT,ok,104Ub-30-02,40,LF,"30""",CL51 DI RJ,DI,P401,Asphaltic,2/19/2026,5/4/2026,BNR 3 and 4,"30"" ML BNR Underslab","60% QAQC - M20-303,M20-101,M20-401",ML,,40, ,7/2/2026,Pablo Chapellin,Pipe Laydown,,, $405.62 ," $16,224.80 ",Below,3810(40), $405.62 ," $16,224.80 ", $-   ,40,,
1,KAT,ok,104Ub-30-03,1,EA,"30""","30"" MJ 90 BEND",DI,P401,Asphaltic,2/19/2026,5/4/2026,BNR 3 and 4,"30"" ML BNR Underslab","60% QAQC - M20-303,M20-101,M20-401",ML,,1, ,5/4/2026,David Nigro,Pipe Laydown,,," $6,730.00 "," $6,730.00 ",Below,3858(1)," $6,730.00 "," $6,730.00 ", $-   ,1,7/29/2026 (1)  BNR Trains 1 and 2 to Clarifiers 1 and 2 (Staley/Roman),
1,KAT,ok ,104Ub-30-04,2,EA,"30""","30"" Megalug w/ Accessory Kit",DI,P401,Asphaltic,2/19/2026,5/4/2026,BNR 3 and 4,"30"" ML BNR Underslab","60% QAQC - M20-303,M20-101,M20-401",ML,,,2,,,,,," $1,061.00 "," $2,122.00 ",Below,4028," $1,061.00 ", $-   ," $(2,122.00)",,6/2/2026 (2) BNR 2 Southside (Staley),
,,,,,,,,,,,,,,,,,,, ,,,,,,, $-   ,,,, $-   , $-   ,,,
1,KAT,ok,104Uc-30-01,2,EA,"30"" x 14'-06""","CL53 FLGxPE WALL PIPE - FLG TFS NPT WC 16"" FROM FLG",DI,P401,Asphaltic,2/19/2026,5/4/2026,BNR 5 and 6,"30"" ML BNR Underslab","60% QAQC - M20-303,M20-101,M20-401",ML,,2, ,5/7/2026,David Nigro,Pipe Laydown,,," $15,448.17 "," $30,896.34 ",Below,3885," $15,448.17 "," $30,896.34 ", $-   ,,6/2/2026 (2) BNR 2 Southside (Staley),
1,KAT,ok,104Uc-30-02,40,LF,"30""",CL51 DI RJ,DI,P401,Asphaltic,2/19/2026,5/4/2026,BNR 5 and 6,"30"" ML BNR Underslab","60% QAQC - M20-303,M20-101,M20-401",ML,,38,2,7/2/2026,Pablo Chapellin,Pipe Laydown,,, $405.62 ," $16,224.80 ",Below,3885(37);4194(3), $405.62 ," $15,413.56 ", $(811.24),40,6/2/2026 (1) (Gauged) BNR 2 Southside (Staley),
1,KAT,ok,104Uc-30-03,1,EA,"30""","30"" MJ 90 BEND",DI,P401,Asphaltic,2/19/2026,5/4/2026,BNR 5 and 6,"30"" ML BNR Underslab","60% QAQC - M20-303,M20-101,M20-401",ML,,1, ,5/4/2026,David Nigro,Pipe Laydown,,," $6,730.00 "," $6,730.00 ",Below,3858(1)," $6,730.00 "," $6,730.00 ", $-   ,1,6/2/2026 (1) BNR 2 Southside (Staley),
1,KAT,ok ,104Uc-30-04,2,EA,"30""","30"" Megalug w/ Accessory Kit",DI,P401,Asphaltic,2/19/2026,5/4/2026,BNR 5 and 6,"30"" ML BNR Underslab","60% QAQC - M20-303,M20-101,M20-401",ML,,2, ,6/1/2026,David Nigro,Pipe Laydown,,," $1,061.00 "," $2,122.00 ",Below,4028," $1,061.00 "," $2,122.00 ", $-   ,,6/2/2026 (2) BNR 2 Southside (Staley),
,,,,,,,,,,,,,,,,,,, ,,,,,,, $-   ,,,, $-   , $-   ,,,
1,KAT,,104.1-30-01,260,LF,"30""",CL51 DI RJ,DI,P401,Asphaltic,2/19/2026,5/4/2026,BNR 1 and 2 to Clarifier 1,"30"" Mixed Liquor","60% QAQC - M20-303,M20-101,M20-401",ML,,178,82,7/2/2026,Pablo Chapellin ,Pipe Laydown,"119.6 LF delivered 4/20/26
58.2 LF del 7/2/26",, $405.62 ," $105,461.20 ",Below,3810(140);4132(58);4194(62), $405.62 ," $72,119.24 "," $(33,341.96)",260,6/22/2026 139.6 LF BNR 1&2 and Clarifier 1 & 3 (Staley),
1,KAT,,104.1-30-02,1,EA,"30""","30"" MJ 90 BEND",DI,P401,Asphaltic,2/19/2026,5/4/2026,BNR 1 and 2 to Clarifier 1,"30"" Mixed Liquor","60% QAQC - M20-303,M20-101,M20-401",ML,,1, ,5/22/2026,David Nigro,Pipe Laydown,,," $6,730.00 "," $6,730.00 ",Below,,, $-   , $-   ,,6/2/2026 (1) BNR 2 Southside (Staley),
1,KAT,,104.1-30-03,2,EA,"30""","30"" MJ 45 BEND",DI,P401,Asphaltic,2/19/2026,5/4/2026,BNR 1 and 2 to Clarifier 1,"30"" Mixed Liquor","60% QAQC - M20-303,M20-101,M20-401",ML,,3,-1,5/4/2026,David Nigro,Pipe Laydown,1 del 5/1/26,," $5,836.00 "," $11,672.00 ",Below,3858(3)," $5,836.00 "," $17,508.00 "," $5,836.00 ",3,"6/9/2026 (1) BRN 2 Southside (Staley), 7/29/2026 (1) BNR Trains 1 and 2 to Clarifiers 1 and 2 (Staley/Roman)",
1,KAT,,104.1-30-04,6,EA,"30""","30"" Megalug w/ Accessory Kit",,,,2/19/2026,5/4/2026,BNR 1 and 2 to Clarifier 1,"30"" Mixed Liquor","60% QAQC - M20-303,M20-101,M20-401",ML,,6, ,6/1/2026,David Nigro,Pipe Laydown,,," $1,061.00 "," $6,366.00 ",Below,4028," $1,061.00 "," $6,366.00 ", $-   ,,"6/2/2026 (1) BNR 2 Southside (Staley), 7/15/2026 (2) Traqins 3 & 4 Mixed Liquor (Gore), 7/15/2026 (2) BNR 1&2 (Staley), (1) 7/29/2026  BNR Trains 1 and 2 to Clarifiers 1 and 2 (Staley/Roman)",
,,,,,,,,,,,,,,,,,,, ,,,,,,, $-   ,,,, $-   , $-   ,,,
1,KAT,,104.2-30-01,420,LF,"30""",CL51 DI RJ,DI,P401,Asphaltic,2/19/2026,5/4/2026,BNR 1 and 2 to Clarifier 2,"30"" Mixed Liquor","60% QAQC - M20-303,M20-101,M20-401",ML,,189,231,,,,"40 LF del 4/20/26
20 LF del 5/4/26
129.2 LF del 5/11/26
160 LF del 7/10/26",, $405.62 ," $170,360.40 ",Below,4194(2);3810;4132;4179(157), $405.62 ," $76,743.30 "," $(93,617.10)",263,"7/1/2026 (1) (Gauged) Trains 3&4 Mixed Liquor (Gore), 7/15/2026 (2) Gauged Trains 3&4 Mixed Liquor (Gore), 7/29/2026 (15)  BNR Trains 1 and 2 to Clarifiers 1 and 2 (Staley/Roman), 7/29/2026 (5 Gauged)  BNR Trains 1 and 2 to Clarifiers 1 and 2 (Staley/Roman)",
1,KAT,,104.2-30-02,5,EA,"30""","30"" MJ 45 BEND",DI,P401,Asphaltic,2/19/2026,5/4/2026,BNR 1 and 2 to Clarifier 2,"30"" Mixed Liquor","60% QAQC - M20-303,M20-101,M20-401",ML,,5, ,5/4/2026,David Nigro,Pipe Laydown,,," $5,836.00 "," $29,180.00 ",Below,3858(5)," $5,836.00 "," $29,180.00 ", $-   ,5,7/15/2026 (1) BNR 1&2 (Staley),
1,KAT,,104.2-30-03,10,EA,"30""","30"" Megalug w/ Accessory Kit",,,,2/19/2026,5/4/2026,BNR 1 and 2 to Clarifier 2,"30"" Mixed Liquor","60% QAQC - M20-303,M20-101,M20-401",ML,,10, ,6/1/2026,David Nigro,Pipe Laydown,,," $1,061.00 "," $10,610.00 ",Below,3885," $1,061.00 "," $10,610.00 ", $-   ,,"7/1/2026 (4) TRains 3&4 Mixed Liquor (Gore), 7/29/2026 (6)  BNR Trains 1 and 2 to Clarifiers 1 and 2 (Staley/Roman)",
,,,,,,,,,,,,,,,,,,, ,,,,,,, $-   ,,,, $-   , $-   ,,,
1,KAT,,104.3-30-01,60,LF,"30""",CL51 DI RJ,DI,P401,Asphaltic,2/19/2026,5/4/2026,BNR 3 and 4 to Clarifier 3,"30"" Mixed Liquor","60% QAQC - M20-303,M20-101,M20-401",ML,,54,6,5/14/2026,David Nigro,Pipe Laydown,54 LF del 5/14/26,, $405.62 ," $24,337.20 ",Below,3905(59);4132(59);4194(2), $405.62 ," $21,903.48 "," $(2,433.72)",120,6/2/2026 (1 Gauged) BNR 2 Southside (Staley)  6/22/2026 (1 Gauged) BNR 1&2 - Clarifier 1&2 (Staley),
,,,,,,,,,,,,```,,,,,,, ,,,,,,, $-   ,,,, $-   , $-   ,,,
1,KAT,,104.4-30-01,60,LF,"30""",CL51 DI RJ,DI,P401,Asphaltic,2/19/2026,5/4/2026,BNR 3 and 4 to Clarifier 4,"30"" Mixed Liquor","60% QAQC - M20-303,M20-101,M20-401",ML,,54,6,5/14/2026,David Nigro,Pipe Laydown,54 LF del 5/14/26,, $405.62 ," $24,337.20 ",Below,3905;4132; 3899 (1);4281(18), $405.62 ," $21,903.48 "," $(2,433.72)",19,,
,,,,,,,,,,,,,,,,,,, ,,,,,,, $-   ,,,, $-   , $-   ,,,
1,KAT,,104.5-30-01,40,LF,"30""",CL51 DI RJ,DI,P401,Asphaltic,2/19/2026,5/4/2026,BNR 5 and 6 to Clarifier 5,"30"" Mixed Liquor","60% QAQC - M20-303,M20-101,M20-401",ML,,18,22,5/14/2026,David Nigro,Pipe Laydown,18 LF del 5/14/26,, $405.62 ," $16,224.80 ",Below,3905(18);4132(39);4194(1), $405.62 ," $7,301.16 "," $(8,923.64)",58,6/22/2026 (1 Gauged) BNR 1&2 to Clarifier 1&2 (Staley),
,,,,,,,,,,,,,,,,,,, ,,,,,,, $-   ,,,, $-   , $-   ,,,
1,KAT,,104.6-30-01,120,LF,"30""",CL51 DI RJ,DI,P401,Asphaltic,2/19/2026,5/4/2026,BNR 5 and 6 to Clarifier 6,"30"" Mixed Liquor","60% QAQC - M20-303,M20-101,M20-401",ML,,55,65,,David Nigro,Pipe Laydown,"36.89 LF del 5/11/26
18.51 LF del 5/11/26",, $405.62 ," $48,674.40 ",Below,4132(38);4194(68), $405.62 ," $22,471.35 "," $(26,203.05)",106,6/22/2026 (1 Gauged) BNR 1&2 to Clarifier 1&2 (Staley) 7/1/2026 (1) (Gauged) Trains 3&4 Mixed Liquor (Gore),
,,,,,,,,,,,,,,,,,,, ,,,,,,, $-   ,,,, $-   , $-   ,,,
1,KAT,ok,116.1U-12-01,12,EA,"12"" x 15'-00""","CL51 FLGxWCxMJ - FLG TFS NPT WC 14"" FROM FLG - MJ SIDE NOT TAPPED",DI,P401,Asphaltic,2/19/2026,5/4/2026,BNR 1 - 6,"12"" Drains BNR Underslab","60% QAQC - M20-303,M20-101,M20-401",Drain,,12, ,5/12/2026,David Nigro,Pipe Laydown,,," $5,077.60 "," $60,931.20 ",Below,3899(12)," $5,077.60 "," $60,931.20 ", $-   ,12,7/31/2026 (2) 12” BNR Drains (Gore),
1,KAT,I got 528,116.1U-12-02,300,LF,"12""",CL51 DI RJ,DI,P401,Asphaltic,2/19/2026,5/4/2026,BNR 1 - 6,"12"" Drains BNR Underslab","60% QAQC - M20-303,M20-101,M20-401",Drain,,300, ,5/29/2026,Pablo Chapellin,Pipe Laydown,"60 LF del 5/4/26
240 LF del 5/29/26",, $119.67 ," $35,901.00 ",Below,3858(60); 3979(240), $119.67 ," $35,901.00 ", $-   ,360,7/31/20026 (2) 12” BNR Drains (Gore),
1,KAT,We need 25,116.1U-12-03,12,EA,"12""","12"" MJ WYE",DI,P401,Asphaltic,2/19/2026,5/4/2026,BNR 1 - 6,"12"" Drains BNR Underslab","60% QAQC - M20-303,M20-101,M20-401",Drain,,12, ,5/4/2026,David Nigro,Pipe Laydown,,," $2,144.00 "," $25,728.00 ",Below,3858(12),, $-   , $-   ,12,7/31/2026 (4) 12” BNR Drains (Gore),
1,KAT,We need 25,116.1U-12-04,12,EA,"12""","12"" MJ 45 BEND",DI,P401,Asphaltic,2/19/2026,5/4/2026,BNR 1 - 6,"12"" Drains BNR Underslab","60% QAQC - M20-303,M20-101,M20-401",Drain,,12, ,5/4/2026,David Nigro,Pipe Laydown,,, $943.00 ," $11,316.00 ",Below,3858(12),, $-   , $-   ,12,7/31/2026 (6) 12” BNR Drains (Gore),
1,KAT,I got 149,116.1U-12-08,115,EA,"12""","12"" Megalug w/ Accessory Kit",,,,2/19/2026,3/9/2026,BNR 1 - 6,"12"" Drains BNR Underslab","60% QAQC - M20-303,M20-101,M20-401",Drain,,115, ,6/1/2026,David Nigro,Pipe Laydown,,, $124.00 ," $14,260.00 ",Below,3885, $124.00 ," $14,260.00 ", $-   ,,,
,,,,,,,,,,,,,,,,,,, ,,,,,,, $-   ,,,, $-   , $-   ,,,
1,KAT,,116.2-12-01,300,LF,"12""",CL51 DI RJ,DI,P401,Asphaltic,2/19/2026,3/9/2026,BNR 1 - 6,"12"" Drains Header",,Drain,,300, ,5/29/2026,Pablo Chapellin,Pipe Laydown,300 LF del 5/29/26,, $119.67 ," $35,901.00 ",,3979(300),, $-   , $-   ,300,,
1,KAT,,116.2-12-02,13,EA,"12""","12"" MJ WYE",DI,P401,Asphaltic,2/19/2026,3/9/2026,BNR 1 - 6,"12"" Drains Header",,Drain,,13, ,5/22/2026,David Nigro,Pipe Laydown,"8 del 5/4/26
5 del 5/22/26",," $2,144.00 "," $27,872.00 ",,3858(8),, $-   , $-   ,8,,
1,KAT,,116.2-12-03,39,EA,"12""","12"" Megalug w/ Accessory Kit",,,,2/19/2026,3/9/2026,BNR 1 - 6,"12"" Drains Header",,Drain,,39, ,6/1/2026,David Nigro,Pipe Laydown,,, $124.00 ," $4,836.00 ",,3885, $124.00 ," $4,836.00 ", $-   ,,,
,,,,,,,,,,,,3/9/2026,,,,,,, ,,,,,,, $-   ,,,, $-   , $-   ,,,
5,KAT,hold,104Ua2-30-01,2,EA,"30"" x 11'-06""","CL50 WALL PIPE FLGxWCxPE TFS NPT WC 39"" FROM FLANGE",DI,P401,Asphaltic,5/1/2026,6/19/2026,Clarifier 1 and 2,"30"" ML Below Clarifiers 1/2","60% QAQC - C03-305, M25-102, M25-401",ML,,2, ,6/24/2026,Pablo Chapellin,Pipe Laydown,,," $12,615.62 "," $25,231.24 ",Below,4086(2)," $12,615.62 "," $25,231.24 ", $-   ,2,7/29/2026 (1)  BNR Trains 1 and 2 to Clarifiers 1 and 2 (Staley/Roman),
1,KAT,I got 801,104Ua2-30-02,140,LF,"30""",CL51 DI RJ,DI,P401,Asphaltic,2/19/2026,3/9/2026,BNR 1 and 2 to Clarifier 1 and 2,"30"" ML Between Clarifiers 1/2 and BNR 1/2","60% QAQC - C03-305, M25-102, M25-401",ML,,156,-16,7/2/2026,Pablo Chapellin,Pipe Laydown,"97.21  LF del 6/24/26
58.9 LF del 7/2/26",, $405.62 ," $56,786.80 ",Below,3858(1),, $-   , $-   ,1,6/2/2026 (1) BNR 2 South Side (Staley),
1,KAT,??,104Ua2-30-03,2,EA,"30""","30"" MJ 90 BEND",DI,P401,Asphaltic,2/19/2026,3/9/2026,Clarifier 1 and 2,"30"" ML Below Clarifiers 1/2","60% QAQC - C03-305, M25-102, M25-401",ML,,2, ,5/22/2026,David Nigro,Pipe Laydown,,," $6,730.00 "," $13,460.00 ",Below,3885,, $-   , $-   ,,7/1/2026 (2) Trains 3&4 Mixed Liquor (Gore),
1,KAT,??,104Ua2-30-04,2,EA,"30""","30"" MJ SOLID SLEEVE LONG",DI,P401,Asphaltic,2/19/2026,3/9/2026,BNR 1 and 2 to Clarifier 1 and 2,"30"" ML Between Clarifiers 1/2 and BNR 1/2","60% QAQC - C03-305, M25-102, M25-401",ML,,1,1,,David Nigro,Pipe Laydown,"1 del 5/4/26; 2 del 7/13/26
Price increased to $5,847.66 due to switch from Sigma sleeves to SIP",," $5,028.00 "," $10,056.00 ",Below,,, $-   , $-   ,,,
1,KAT,10,104Ua2-30-05,8,EA,"30""","30"" Megalug w/ Accessory Kit",,,,2/19/2026,3/9/2026,BNR 1 and 2 to Clarifier 1 and 2,"30"" ML Between Clarifiers 1/2 and BNR 1/2","60% QAQC - C03-305, M25-102, M25-401",ML,,8, ,6/12/2026,Chelsea Vohwinkle,Pipe Laydown,,," $1,061.00 "," $8,488.00 ",Below,3885," $1,061.00 "," $8,488.00 ", $-   ,,7/29/2026 (5)  BNR Trains 1 and 2 to Clarifiers 1 and 2 (Staley/Roman),
,,,,,,,,,,,,3/9/2026,,,,,,, ,,,,,,, $-   ,,,, $-   , $-   ,,,
1,KAT,ok,110Ua-16-02,2,EA,"16"" x 13'-00""",CL53 FLGxPE SPOOL,DI,P401,Primed,2/19/2026,3/9/2026,LS1,LS1 to Headworks,"60% QAQC - C03-305, M25-401, M30-101",FM,,2, ,5/5/2026,David Nigro,Pipe Laydown,,," $5,349.73 "," $10,699.46 ",Riser,3864(2)," $5,349.73 "," $10,699.46 ", $-   ,2,,
1,KAT,I got 152,110Ua-16-03,200,LF,"16""",CL51 DI RJ,DI,P401,Asphaltic,2/19/2026,3/9/2026,LS1,LS1 to Headworks,"60% QAQC - C03-305, M25-401",FM,,200, ,5/29/2026,Pablo Chapellin,Pipe Laydown,"40 LF del 5/27/26
160 LF del 5/29/26",, $171.56 ," $34,312.00 ",Below,3979(160), $171.56 ," $34,312.00 ", $-   ,160,,
1,KAT,ok,110Ua-16-04,2,EA,"16""","16"" MJ 90 BEND",DI,P401,Asphaltic,2/19/2026,3/9/2026,LS1,LS1 to Headworks,"60% QAQC - C03-305, M25-102, M25-401",FM,,2, ,5/4/2026,David Nigro,Pipe Laydown,,," $1,877.00 "," $3,754.00 ",Below,3858(2),, $-   , $-   ,2,,
1,KAT,8,110Ua-16-07,10,EA,"16""","16"" Megalug w/ Accessory Kit",,,,2/19/2026,3/9/2026,LS1,LS1 to Headworks,"60% QAQC - C03-305, M25-401",FM,,10, ,6/1/2026,David Nigro,Pipe Laydown,,, $209.00 ," $2,090.00 ",Below,,, $-   , $-   ,,,
,,,,,,,,,,,,3/9/2026,,,,,,, ,,,,,,, $-   ,,,, $-   , $-   ,2,,
5,KAT,hold,116.3Ua-10-01,2,EA,"10"" x 6'-00""","CL50 PE x WC x MJ WC 35"" FROM PE",DI,P401,Asphaltic,,3/9/2026,Clarifier 1 and 2,"10"" Drain Clarifiers 1 and 2","60% QAQC - C03-305, M25-401",Clarifier Drain,,2, ,6/11/2026,Pablo Chapellin,Pipe Laydown,,," $1,474.24 "," $2,948.48 ",Below,4037(2)," $1,474.27 "," $2,948.54 ", $0.06 ,220,,
1,KAT,I got 200,116.3Ua-10-02,180,LF,"10""",CL51 DI RJ,DI,P401,Asphaltic,2/19/2026,3/9/2026,Clarifier 1 and 2,"10"" Drain Clarifiers 1 and 2","60% QAQC - C03-305, M25-401",Clarifier Drain,,220,-40,5/11/2026,David Nigro,Pipe Laydown,,, $97.36 ," $17,524.80 ",Below,3885(220), $97.36 ," $21,419.20 "," $3,894.40 ",2,,
5,KAT,ok,116.3Ua-10-03,2,EA,"10""x6""","10""x06"" MJ RED WYE",DI,P401,Asphaltic,,3/9/2026,Clarifier 1 and 2,"10"" Drain Clarifiers 1 and 2","60% QAQC - C03-305, M25-401",Clarifier Drain,,2, ,7/7/2026,Pablo Chapellin ,Pipe Laydown,,," $1,428.00 "," $2,856.00 ",Below,4137(2)," $1,428.00 "," $2,856.00 ", $-   ,2,,
1,KAT,??,116.3Ua-10-04,2,EA,"10""","10"" MJ 45 BEND",DI,P401,Asphaltic,2/19/2026,3/9/2026,Clarifier 1 and 2,"10"" Drain Clarifiers 1 and 2","60% QAQC - C03-305, M25-102, M25-401",RAS,,2, ,5/4/2026,David Nigro,Pipe Laydown ,,, $724.00 ," $1,448.00 ",Below,3858(2),, $-   , $-   ,2,,
1,KAT,10,116.3Ua-10-07,18,EA,"10""","10"" Megalug w/ Accessory Kit",,,,2/19/2026,5/4/2026,Clarifier 1 and 2,"10"" Drain Clarifiers 1 and 2","60% QAQC - C03-305, M25-401",Clarifier Drain,,18, ,6/17/2026,Chelsea Vohwinkle,Pipe Laydown,4 del 6/1/26; 14 del 6/17/26,, $94.00 ," $1,692.00 ",Below,,, $-   , $-   ,,,
,,,,,,,,,,,,,,,,,,, ,,,,,,, $-   ,Below,,, $-   , $-   ,,,
,,,,,,,,,,,,,,,,,,, ,,,,,,, $-   ,,,, $-   , $-   ,,,
1,KAT,ok,116.4-06-01,1,EA,"06"" x 16'-00""",CL51 PExPE SPOOL,DI,P401,Asphaltic,2/19/2026,5/4/2026,RAS Pump Station 1 Drain,RAS Pump Station 1 Drain,"60% QAQC - C03-303, C03-305, M30-101",RAS PS Drain,,1, ,5/5/2026,David Nigro,Pipe Laydown,,," $2,045.26 "," $2,045.26 ",Below,3864(1)," $2,045.26 "," $2,045.26 ", $-   ,1,,
1,KAT,ok,116.4-06-02,60,LF,"06""",CL51 DI RJ,DI,P401,Asphaltic,2/19/2026,5/4/2026,RAS Pump Station 1 Drain,RAS Pump Station 1 Drain,"60% QAQC - C03-303, C03-305, M30-101",RAS PS Drain,,60,0,5/4/2026,David Nigro,Pipe Laydown,59.55 LF del 5/4/26,, $57.50 ," $3,450.00 ",Below,3858(60), $57.50 ," $3,424.13 ", $(25.88),60,,
1,KAT,ok,116.4-06-03,1,EA,"06""","06"" MJ 90 BEND",DI,P401,Asphaltic,2/19/2026,5/4/2026,RAS Pump Station 1 Drain,RAS Pump Station 1 Drain,"60% QAQC - C03-303, C03-305, M30-101",RAS PS Drain,,1, ,5/4/2026,David Nigro,Pipe Laydown,,, $392.00 , $392.00 ,Below,3858(1),, $-   , $-   ,1,,
1,KAT,ok,116.4-06-04,2,EA,"06""","06"" Megalug w/ Accessory Kit",,,,2/19/2026,5/4/2026,RAS Pump Station 1 Drain,RAS Pump Station 1 Drain,"60% QAQC - C03-303, C03-305, M30-101",RAS PS Drain,,2, ,6/1/2026,David Nigro,Pipe Laydown,,, $49.00 , $98.00 ,Below,3885, $49.00 , $98.00 , $-   ,,,
,,,,,,,,,,,,,,,,,,, ,,,,,,, $-   ,,,, $-   , $-   ,,,
,,,,,,,,,,,,,,,,,,, ,,,,,,, $-   ,,,, $-   , $-   ,,,
1,KAT,ok,110.4-24-01,120,LF,"24""",CL51 DI RJ,DI,P401,Asphaltic,2/19/2026,5/4/2026,RAS Pump Station 1 to Headworks,RAS Pump Station 1 to Headworks,,RAS,,40,80,5/4/2026,David Nigro,Pipe Laydown,39.86 LF del 5/4/26,,291.52," $34,982.40 ",,3858(40) 3979(79),291.52," $11,619.99 "," $(23,362.41)",119,,
1,KAT,ok,110.4-24-02,1,EA,"24"" x 15'-06""",CL53 FLGxPE SPOOL,DI,P401,Primed,2/19/2026,5/4/2026,Headworks Riser,RAS Pump Station to Headworks,60% QAQC - M10-201,RAS,,1, ,5/7/2026,David Nigro,Pipe Laydown,,," $10,354.40 "," $10,354.40 ",Riser,3885," $10,354.40 "," $10,354.40 ", $-   ,,,
1,KAT,ok,110.4-24-03,2,EA,"24""","24"" MJ 90 BEND",DI,P401,Asphaltic,2/19/2026,5/4/2026,RAS Pump Station 1 to Headworks,RAS Pump Station 1 to Headworks,"60% QAQC - C03-303, C03-305",RAS,,2, ,,,,1 del 5/1/26,," $4,096.00 "," $8,192.00 ",Below,3858(1),, $-   , $-   ,1,,
1,KAT,ok,110.4-48-01,1,EA,"48""x24""","48""x24"" MJ REDUCER",DI,P401,Asphaltic,2/19/2026,5/4/2026,RAS Pump Station 1 to Headworks,RAS Pump Station 1 to Headworks,"60% QAQC - C03-303, C03-305",RAS,,1, ,7/7/2026,Pablo Chapellin,Pipe Laydown,,,, $-   ,Below,4160(1)," $13,078.81 "," $13,078.81 "," $13,078.81 ",1,,
1,KAT,ok,110.4-48-02,1,EA,"48""x30""","48""x30"" MJ TEE",DI,P401,Asphaltic,2/19/2026,5/4/2026,RAS Pump Station 1 to Headworks,RAS Pump Station 1 to Headworks,"60% QAQC - C03-303, C03-305",RAS,,1, ,7/7/2026,Pablo Chapellin,Pipe Laydown ,,,, $-   ,Below,4160(1)," $26,982.27 "," $26,982.27 "," $26,982.27 ",1,,
1,KAT,ok,110.4-30-01,1,EA,"30"" x 15'-06""",CL53 FLGxPE SPOOL,DI,P401,Primed,2/19/2026,5/4/2026,Riser Between Headworks and BNR,RAS Pump Station to Headworks,60% QAQC - M10-201,RAS,,1, ,5/12/2026,David Nigro,Pipe Laydown,,," $14,371.65 "," $14,371.65 ",Riser,3899(1)," $14,371.65 "," $14,371.65 ", $-   ,1,,
1,KAT,ok,110.4-24-04,5,EA,"24""","24"" Megalug w/ Accessory Kit",,,,2/19/2026,5/4/2026,RAS Pump Station 1 and 2 to Headworks,RAS Pump Station 1 to Headworks,"60% QAQC - C03-303, C03-305, M30-101",RAS,,5, ,6/1/2026,David Nigro,Pipe Laydown,,, $461.00 ," $2,305.00 ",Below,3885, $461.00 ," $2,305.00 ", $-   ,,,
1,KAT,ok,110.4-30-02,1,EA,"30""","30"" Megalug w/ Accessory Kit",,,,2/19/2026,5/4/2026,RAS Pump Station 1 and 2 to Headworks,RAS Pump Station 1 to Headworks,"60% QAQC - C03-303, C03-305, M30-101",RAS,,1, ,6/12/2026,Chelsea Vohwinkle,Pipe Laydown,,," $1,061.00 "," $1,061.00 ",Below,4028," $1,061.00 "," $1,061.00 ", $-   ,,,
1,KAT,ok,110.4-48-03,3,EA,"48""","48"" Megalug w/ Accessory Kit",,,,2/19/2026,5/4/2026,RAS Pump Station 1 and 2 to Headworks,RAS Pump Station 1 to Headworks,"60% QAQC - C03-303, C03-305, M30-101",RAS,,3, ,6/1/2026,David Nigro,Pipe Laydown,,," $2,630.00 "," $7,890.00 ",Below,3885," $2,630.00 "," $7,890.00 ", $-   ,,,
,,,,,,,,,,,,,,,,,,, ,,,,,,, $-   ,,,, $-   , $-   ,,,
1,KAT,ok,110.3-48-01,740,LF,"48""",CL51 DI RJ,DI,P401,Asphaltic,2/19/2026,5/4/2026,RAS Pump Station 1 to Headworks,RAS Pump Station 1 to Headworks,"60% QAQC - C03-303, C03-305",RAS,,270,470,7/1/2026,Emma Esteban,Pipe Laydown,19.1 LF del 5/14/26; 18.95 LF del 5/18/26; 75.7 LF del 5/27/26; 76.0 LF del 6/2/26; 80 LF del 7/1                                             ,,," $1,048.86 ",Below,4028;3979(76);4063;4132(140);3905(19);4063(19);3953(76)," $1,048.86 "," $282,929.99 "," $281,881.13 ",330,6/8/2026 (1) Segment A Road Crossing (Isaac Crew Pipe),
1,KAT,ok,110.3-48-02,2,EA,"48""","48"" MJ 11.25 BEND",DI,P401,Asphaltic,2/19/2026,5/4/2026,RAS Pump Station 1 to Headworks,RAS Pump Station 1 to Headworks,"60% QAQC - C03-303, C03-305",RAS,,2, ,7/7/2026,Pablo Chapellin ,Pipe Laydown,1 del 5/4/26,,, $-   ,Below,3858(1); 4160," $13,929.02 "," $27,858.04 "," $27,858.04 ",1,,
1,KAT,ok,110.3-48-03,1,EA,"48""x12""","48""x12"" MJ TEE",DI,P401,Asphaltic,2/19/2026,5/4/2026,RAS Pump Station 1 to Headworks,RAS Pump Station 1 to Headworks,"60% QAQC - C03-303, C03-305",RAS,,1, ,5/22/2026,David Nigro,Pipe Laydown,,," $13,960.00 "," $13,960.00 ",Below,,, $-   , $-   ,,,
1,KAT,ok,110.3-48-04,1,EA,"48""x48""","48"" MJ TEE",DI,P401,Asphaltic,2/19/2026,5/4/2026,RAS Pump Station 1 to Headworks,RAS Pump Station 1 to Headworks,"60% QAQC - C03-303, C03-305",RAS,,1, ,7/7/2026,David Nigro,Pipe Laydown,,," $28,822.00 "," $28,822.00 ",Below,4160(1)," $28,822.00 "," $28,822.00 ", $-   ,1,,
1,KAT,ok,110.3-48-05,2,EA,"48""x36""","48""x36"" MJ REDUCER",DI,P401,Asphaltic,2/19/2026,5/4/2026,RAS Pump Station 1 to Headworks,RAS Pump Station 1 to Headworks,"60% QAQC - C03-303, C03-305",RAS,,2, ,5/22/2026,David Nigro,Pipe Laydown,"1 del 5/4/26
1 del 5/22/26",," $27,120.00 "," $54,240.00 ",Below,3858(1),, $-   , $-   ,1,,
1,KAT,ok,110.3-48-06,9,EA,"48""","48"" Megalug w/ Accessory Kit",,,,2/19/2026,5/4/2026,RAS Pump Station 1 and 2 to Headworks,RAS Pump Station 1 to Headworks,"60% QAQC - C03-303, C03-305, M30-101",RAS,,9, ,6/17/2026,Chelsea Vohwinkle,Pipe Laydown,8 del 6/1/26; 1 del 6/17/26,," $2,630.00 "," $23,670.00 ",Below,3885," $2,630.00 "," $23,670.00 ", $-   ,,07/22/2026 (6) Eastside of Headworks (Brittian),
,,,,,,,,,,,,,,,,,,, ,,,,,,, $-   ,,,, $-   , $-   ,,,
1,KAT,I got 208,110.2-36-01,220,LF,"36""",CL51 DI RJ,DI,P401,Asphaltic,2/19/2026,5/4/2026,RAS Line Main Header Between RAS PS and Headworks,RAS Pump Station 1 to Headworks,"60% QAQC - C03-303, C03-305, M30-101",RAS,,199,21,7/6/2026,Pablo Chapellin,Pipe Laydown,144 lf Del 7/06/26; 54.62 lf del 7/20/2026,, $522.28 ," $114,901.60 ",Below,4132(145);4281(55), $522.28 ," $103,735.25 "," $(11,166.35)",200,,
1,KAT,ok,110.2-36-02,4,EA,"36""","36"" MJ 45 BEND",DI,P401,Asphaltic,2/19/2026,5/4/2026,RAS Pump Station 1 to Headworks,RAS Pump Station 1 to Headworks,"60% QAQC - C03-303, C03-305",RAS,,4, ,5/4/2026,David Nigro,Pipe Laydown,,,, $-   ,Below,3858(4),, $-   , $-   ,4,,
1,KAT,ok,110.2-36-03,1,EA,"36""x36""","36"" MJ TEE",DI,P401,Asphaltic,2/19/2026,5/4/2026,RAS Pump Station 1 to Headworks,RAS Pump Station 1 to Headworks,"60% QAQC - C03-303, C03-305",RAS,,1, ,7/7/2026,Pablo Chapellin,Pipe Laydown,,," $13,238.00 "," $13,238.00 ",Below,4160(1)," $13,238.00 "," $13,238.00 ", $-   ,1,,
1,KAT,ok,110.2-36-04,2,EA,"36""x24""","36""x24"" MJ REDUCER",DI,P401,Asphaltic,2/19/2026,5/4/2026,RAS Pump Station 1 to Headworks,RAS Pump Station 1 to Headworks,"60% QAQC - C03-303, C03-305",RAS,,2, ,5/4/2026,David Nigro,Pipe Laydown,,," $6,020.00 "," $12,040.00 ",Below,3858(2),, $-   , $-   ,2,,
1,KAT,ok,110.2-36-05,14,EA,"36""","36"" Megalug w/ Accessory Kit",,,,2/19/2026,5/4/2026,RAS Pump Station 1 and 2 to Headworks,RAS Pump Station 1 to Headworks,"60% QAQC - C03-303, C03-305, M30-101",RAS,,14, ,6/17/2026,Chelsea Vohwinkle,Pipe Laydown,,," $1,352.00 "," $18,928.00 ",Below,,, $-   , $-   ,,,
,,,,,,,,,,,,,,,,,,, ,,,,,,, $-   ,,,, $-   , $-   ,4,,
1,KAT,I got 208,110.1-24-01,100,LF,"24""",CL51 DI RJ,DI,P401,Asphaltic,2/19/2026,5/4/2026,RAS Pump Station 1 to Headworks,RAS Pump Station 1 to Headworks,"60% QAQC - C03-303, C03-305, M30-101",RAS,,,100,,,,,, $291.52 ," $29,152.00 ",Below,,, $-   , $-   ,,,
1,KAT,ok,110.1-24-02,3,EA,"24""x16""","24""x16"" MJ TEE",DI,P401,Asphaltic,2/19/2026,5/4/2026,RAS Pump Station 1 to Headworks,RAS Pump Station 1 to Headworks,"60% QAQC - C03-303, C03-305",RAS,,3, ,5/4/2026,David Nigro,Pipe Laydown,,," $4,518.95 "," $13,556.85 ",Below,3858(3),, $-   , $-   ,3,,
1,KAT,ok,110.1-16-01,3,EA,"16"" x 16'-00""",CL53 FLGxPE SPOOL,DI,P401,Primed,2/19/2026,5/4/2026,RAS PS Riser,RAS Pump Station 1 to Headworks,"60% QAQC - C03-303, C03-305, M30-101",RAS,,3, ,5/5/2026,David Nigro,Pipe Laydown,,," $6,471.65 "," $19,414.95 ",Riser,3864(3),, $-   , $-   ,3,,
1,KAT,ok,110.1-24-03,1,EA,"24""","24"" PLUG w/ 2"" NTP TAP",DI,P401,Asphaltic,2/19/2026,5/4/2026,RAS Pump Station 1 and 2 to Headworks,RAS Pump Station 1 to Headworks,"60% QAQC - C03-303, C03-305, M30-101",RAS,,1, ,5/4/2026,David Nigro,Pipe Laydown,,," $3,013.99 "," $3,013.99 ",Below,3858(1),, $-   , $-   ,1,,
1,KAT,ok,110.1-24-04,1,EA,"24""",MJ GASKET AND HARDWARE FOR PLUG,,,,2/19/2026,5/4/2026,RAS Pump Station 1 and 2 to Headworks,RAS Pump Station 1 to Headworks,"60% QAQC - C03-303, C03-305, M30-101",RAS,,,1,,,,,,, $-   ,,,, $-   , $-   ,,,
1,KAT,ok,110.1-16-02,3,EA,"16""","16"" Megalug w/ Accessory Kit",,,,2/19/2026,5/4/2026,RAS Pump Station 1 and 2 to Headworks,RAS Pump Station 1 to Headworks,"60% QAQC - C03-303, C03-305, M30-101",RAS,,3, ,7/2/2026,Chelsea Vohwinkle,Pipe Laydown,,, $209.00 , $627.00 ,Below,,, $-   , $-   ,,,
1,KAT,ok,110.1-24-05,11,EA,"24""","24"" Megalug w/ Accessory Kit",,,,2/19/2026,5/4/2026,RAS Pump Station 1 and 2 to Headworks,RAS Pump Station 1 to Headworks,"60% QAQC - C03-303, C03-305, M30-101",RAS,,11, ,6/17/2026,Chelsea Vohwinkle,Pipe Laydown,,, $461.00 ," $5,071.00 ",Below,,, $-   , $-   ,,,
,,,,,,,,,,,,,,,,,,, ,,,,,,, $-   ,,,, $-   , $-   ,,,
1,ServCorp,,119-06-01,5940,LF,"06"" x 20'-00""",CERTA-LOK YELOMINE PIPE RJIB,PVC,,,2/18/2026,3/9/2026,All,Temp Const Water Loop,,,,5940, ,3/6/2026,David Nigro,,,, $19.30 ," $114,642.00 ",Below,,, $-   , $-   ,,,
1,ServCorp,,119-06-02,2,EA,"06""","06"" CERTA-LOK YELOMINE TEE",PVC,,,2/18/2026,3/9/2026,All,Temp Const Water Loop,,,,2, ,3/6/2026,David Nigro,,,, $259.85 , $519.70 ,Below,,, $-   , $-   ,,,
1,ServCorp,,119-06-03,9,EA,"06""","06"" CERTA-LOK YELOMINE 90 BEND",PVC,,,2/18/2026,3/9/2026,All,Temp Const Water Loop,,,,9, ,3/6/2026,David Nigro,,,, $145.72 ," $1,311.48 ",Below,,, $-   , $-   ,,,
1,ServCorp,,119-06-04,10,EA,"06""","06"" CERTA-LOK YELOMINE 45 BEND",PVC,,,2/18/2026,3/9/2026,All,Temp Const Water Loop,,,,10, ,3/6/2026,David Nigro,,,, $93.75 , $937.50 ,Below,,, $-   , $-   ,,,
1,ServCorp,,119-06-05,10,EA,"06"" x 06"" x 02""","06"" x 06"" x 02"" CERTA-LOK YELOMINE RED TEE",PVC,,,2/18/2026,3/9/2026,All,Temp Const Water Loop,,,,10, ,3/6/2026,David Nigro,,,, $259.85 ," $2,598.50 ",Below,,, $-   , $-   ,,,
1,ServCorp,,119-06-06,27,EA,"06""","VLV GATE VALVE 06"" MJ W/NUT OP",DI,,,2/18/2026,3/9/2026,All,Temp Const Water Loop,,,,27, ,3/3/2026,David Nigro,,,, $929.33 ," $25,091.91 ",Below,,, $-   , $-   ,,,
1,ServCorp,,119-06-07,0,EA,,VALVE STEM EXTENSION x 04' BURY,,,,2/18/2026,3/9/2026,All,Temp Const Water Loop,,,,, ,,,,Not using these,, $72.35 , $-   ,Below,,, $-   , $-   ,,,
1,KAT,,119-06-08,54,EA,"06""","06"" PVC Megalug w/ Accessory Kit (PVC x DI)",,,,2/19/2026,3/2/2026,All,Temp Const Water Loop,,,,54, ,3/18/2026,Brittian Sanders,,"Pricing provided 3/20/26 - 6"" Megalug $51.07, 6"" Acc Kit $28.54",, $79.61 ," $4,298.94 ",Below,3636(54), $49.00 ," $2,646.00 "," $(1,652.94)",54,,
1,ServCorp,,119-06-09,180,LF,"06""",PVC C900 PIPE,PVC,,,2/18/2026,3/9/2026,All,Temp Const Water Loop,,,,180, ,3/3/2026,David Nigro,,,, $11.56 ," $2,080.80 ",Below,,, $-   , $-   ,,,
1,ServCorp,,119-06-10,6,EA,"06""","06"" CERTA-LOK YELOMINE REPAIR COUPLING",PVC,,,2/18/2026,3/9/2026,All,Temp Const Water Loop,,,,6, ,3/6/2026,David Nigro,,"Included in release, but added to document after release",, $94.77 , $568.62 ,Below,,, $-   , $-   ,,,
,,,,,,,,,,,,,,,,,,, ,,,,,,, $-   ,,,, $-   , $-   ,,,
1,ServCorp,,119.1-02-01,1500,LF,"02"" x 20'-00""",CERTA-LOK YELOMINE PIPE W/ COUPLING,PVC,,,2/18/2026,3/9/2026,All,Temp Const Water Loop,,,,1500, ,3/6/2026,David Nigro,,,, $7.08 ," $10,620.00 ",Below,,, $-   , $-   ,,,
1,ServCorp,,119.1-02-02,6,EA,"02""","02"" CERTA-LOK YELOMINE REPAIR COUPLING",PVC,,,2/18/2026,3/9/2026,All,Temp Const Water Loop,,,,6, ,3/6/2026,David Nigro,,,, $41.78 , $250.68 ,Below,,, $-   , $-   ,,,
1,ServCorp,,119.1-02-03,9,EA,"02""","02"" CERTA-LOK F/E x SW S/E",PVC,,,2/18/2026,3/9/2026,All,Temp Const Water Loop,,,,9, ,3/6/2026,David Nigro,,,, $38.72 , $348.48 ,Below,,, $-   , $-   ,,,
1,ServCorp,,119.1-02-04,300,LF,"02""",SCH 80 PVC,PVC,,,2/18/2026,3/9/2026,All,Temp Const Water Loop,,,,300, ,3/3/2026,David Nigro,,,, $6.82 ," $2,046.00 ",Below,,, $-   , $-   ,,,
1,ServCorp,,119.1-02-05,20,EA,"02""",SCH 80 PVC 90 BEND SOC,PVC,,,2/18/2026,3/9/2026,All,Temp Const Water Loop,,,,20, ,3/3/2026,David Nigro,,,, $6.03 , $120.60 ,Below,,, $-   , $-   ,,,
1,ServCorp,,119.1-02-06,20,EA,"02""",SCH 80 PVC 90 TEE SOC,PVC,,,2/18/2026,3/9/2026,All,Temp Const Water Loop,,,,20, ,3/3/2026,David Nigro,,,, $21.31 , $426.20 ,Above,,, $-   , $-   ,,,
1,ServCorp,,119.1-02-07,20,EA,"02""",SCH 80 PVC Ball Valves,PVC,,,2/18/2026,3/9/2026,All,Temp Const Water Loop,,,,20, ,3/3/2026,David Nigro,,,, $88.79 ," $1,775.80 ",Above,,, $-   , $-   ,,,
1,ServCorp,,119.1-02-08,10,EA,"02""",SCH 80 PVC MALE ADAPTER NPT x SOC,PVC,,,2/18/2026,3/9/2026,All,Temp Const Water Loop,,,,10, ,3/3/2026,David Nigro,,Short 3 pcs on 3/3. Missing 3 pcs delivered 3/5.,, $16.55 , $165.50 ,Above,,, $-   , $-   ,,,
1,ServCorp,,119.1-02-09,10,EA,"02""",ALUMINUM MALE CAMLOCK x FNPT,ALUM,,,2/18/2026,3/9/2026,All,Temp Const Water Loop,,,,10, ,3/3/2026,David Nigro,,,, $5.47 , $54.70 ,Above,,, $-   , $-   ,,,
1,ServCorp,,119.1-02-10,20,EA,"02""","SCH 80 PVC SPIG x 3/4"" FNPT BUSHING",PVC,,,2/18/2026,3/9/2026,All,Temp Const Water Loop,,,,20, ,3/3/2026,David Nigro,,,, $8.54 , $170.80 ,Above,,, $-   , $-   ,,,
1,ServCorp,,119.1-02-11,20,EA,"02""","3/4"" BRASS MNPT x 3/4"" HOSE BIB",BRASS,,,2/18/2026,3/9/2026,All,Temp Const Water Loop,,,,20, ,3/3/2026,David Nigro,,,, $8.59 , $171.80 ,Above,,, $-   , $-   ,,,
,,,,,,,,,,,,,,,,,,, ,,,,,,, $-   ,,,, $-   , $-   ,,,
2,KAT,,101-48-01,1040,LF,"48""",CL50 DI RJ,DI,P401,Asphaltic,3/13/2026,6/29/2026,Influent Flow Meter to Headworks,"48"" Force Main Influent","60% QAQC - C03-302, M09-101",Plant Influent,,260,780,7/7/2026,Pablo Chapellin,Pipe Laydown,160 LF del 7/7/2026; 80 LF del 7/13/26; 20 LF del 7/13/26,," $1,048.86 "," $1,090,814.40 ",,4160(298);4187(80);4198(20);4194(100);4216(40), $967.06 ," $251,435.60 "," $(839,378.80)",538,07/22/2026 (1) (Gauged) Eastside of Headworks (Brittian),
2,KAT,,101-48-02,1,EA,"48"" x 07'-00""",CL53 FLGxPE SPOOL,DI,P401,Primed,3/13/2026,6/29/2026,Influent Flow Meter to Headworks,"48"" Force Main Influent","60% QAQC - C03-302, M09-101",Plant Influent,,2,-1,6/23/2026,Pablo Chapellin,Pipe Laydown,Pricing to be agreed upon by KAT and Garney before time of invoice,, *** ,#VALUE!,,4086(1);4110(1)," $18,033.51 "," $36,067.02 ",#VALUE!,2,,
2,KAT,,101-48-03,2,EA,"48""","48"" MJ 45 BEND",DI,P401,Asphaltic,3/13/2026,6/29/2026,Influent Flow Meter to Headworks,"48"" Force Main Influent",60% QAQC - M09-101,Plant Influent,,,2,,,,,," $15,820.00 "," $31,640.00 ",,,, $-   , $-   ,,,
2,KAT,,101-48-04,1,EA,"48""","48"" MJ 90 BEND",DI,P401,Asphaltic,3/13/2026,6/29/2026,Influent Flow Meter to Headworks,"48"" Force Main Influent",60% QAQC - C03-302,Plant Influent,,,1,,,,,," $22,015.00 "," $22,015.00 ",,,, $-   , $-   ,,,
2,KAT,,101-48-05,6,EA,"48""","48"" Megalug w/ Accessory Kit",,,,3/13/2026,6/29/2026,Influent Flow Meter to Headworks,"48"" Force Main Influent","60% QAQC - C03-302, M09-101",Plant Influent,,6, ,6/17/2026,Chelsea Vohwinkle,Pipe Laydown,,," $2,630.00 "," $15,780.00 ",,,, $-   , $-   ,,,
,,,,,,,,,,,,,,,,,,, ,,,,,,, $-   ,,,, $-   , $-   ,,,
2,KAT,,109-48-01,1140,LF,"48""",CL51 DI RJ,DI,CML,Asphaltic,3/13/2026,6/29/2026,RCW Pump Station to Existing RCW Main (From 45 bend to 90 bend) , ,"60% QAQC - C03-302, C03-304",Plant Effluent,,140,1000,7/27/2026,Pablo Chapellin ,Pipe Laydown ,80 LF del 7/2/2026; 60 LF del 7/27/2026,, $936.15 ," $1,067,211.00 ",,4132(80)," $1,048.86 "," $146,840.40 "," $(920,370.60)",80,,
,,,,,,,,,,,,,,,,,,, ,,,,,,, $-   ,,,, $-   , $-   ,,,
2,KAT,,117-16-01,2300,LF,"16""",CL51 DI RJ,DI,P401,Asphaltic,3/13/2026,6/29/2026,In-Plant Lift Station #2 to Headworks,"16"" Force Main","60% QAQC - C03-302, C03-304, M61-101",FM,,200,2100,6/1/2026,Pablo Chapellin,Pipe Laydown,200 LF del 6/1/26,, $171.56 ," $394,588.00 ",,4216(59),, $-   , $-   ,59,,
2,KAT,,117-16-03,1,EA,"16""","16"" MJ 90 BEND",DI,P401,Asphaltic,3/13/2026,6/29/2026,In-Plant Lift Station #2 to Headworks,"16"" Force Main","60% QAQC - C03-302, C03-304, M61-101",FM,,1, ,5/4/2026,David Nigro,Pipe Laydown,,," $1,877.00 "," $1,877.00 ",,3858(1),, $-   , $-   ,1,,
2,KAT,,117-16-04,4,EA,"16""","16"" MJ 45 BEND",DI,P401,Asphaltic,3/13/2026,6/29/2026,In-Plant Lift Station #2 to Headworks,"16"" Force Main","60% QAQC - C03-302, C03-304, M61-101",FM,,4, ,5/4/2026,David Nigro,Pipe Laydown,,," $1,587.00 "," $6,348.00 ",,3858(4),, $-   , $-   ,4,,
2,KAT,,117-16-05,4,EA,"16""","16"" Megalug w/ Accessory Kit",,,,3/13/2026,6/29/2026,In-Plant Lift Station #2 to Headworks,"16"" Force Main","60% QAQC - C03-302, C03-304, M61-101",FM,,4, ,7/2/2026,Chelsea Vohwinkle,Pipe Laydown,,, $209.00 , $836.00 ,,,, $-   , $-   ,,,
,,,,,,,,,,,,,,,,,,, ,,,,,,, $-   ,,,, $-   , $-   ,,,
2,KAT,,112.1-24-01,2860,LF,"24""",CL51 DI RJ,DI,CML,Asphaltic,3/13/2026,6/29/2026,Headworks to Disk Filters,"24"" Reject Return","60% QAQC - C03-302, C03-304, C03-305",RR,,2648,212,7/27/2026,Pablo Chapellin,Pipe Laydown,"300 LF del 6/25/26; 300 LF del 6/26/26; 298.36 LF del 6/26/26; 298.10 LF del 6/29/26; 296.28 LF del 6/29/26, 300 LF del 6/30/26; 160 LF del 7/13/26; 119 LF del 07/20/26; 237.96 LF Del 07/22/2026; 239.05 LF Del 07/22/2026;99.2 LF del 7/28/2026",, $225.15 ," $643,929.00 ",,3885; 4110; 4132;4281(576), $225.15 ," $596,197.20 "," $(47,731.80)",576,,
2,KAT,,112.1-30-02,40,LF,"30""",CL51 DI RJ,DI,CML,Asphaltic,3/13/2026,6/29/2026,Headworks to Disk Filters,"24"" Reject Return","60% QAQC - C03-302, C03-304, C03-305",RR,,39,1,5/11/2026,David Nigro,Pipe Laydown,39.43 LF GFL del 5/11/26,, $332.64 ," $13,305.60 ",,"3885(198); 4110(1,189); 4132 (298);4194(158);4216(119)",, $-   , $-   ,963,,
2,KAT,,112.1-24-03,1,EA,"24""","24"" MJ 90 BEND",DI,CML,Asphaltic,3/13/2026,6/29/2026,Headworks to Disk Filters,"24"" Reject Return","60% QAQC - C03-302, C03-304, C03-305",RR,,1, ,5/4/2026,David Nigro,Pipe Laydown,,," $2,231.00 "," $2,231.00 ",,3858(1),, $-   , $-   ,1,,
2,KAT,,112.1-24-04,6,EA,"24""","24"" MJ 45 BEND",DI,CML,Asphaltic,3/13/2026,6/29/2026,Headworks to Disk Filters,"24"" Reject Return","60% QAQC - C03-302, C03-304, C03-305",RR,,6, ,5/4/2026,David Nigro,Pipe Laydown,,," $1,480.00 "," $8,880.00 ",,3858(6),, $-   , $-   ,6,,
2,KAT,,112.1-24-05,1,EA,"24""","24"" MJ TEE",DI,CML,Asphaltic,3/13/2026,6/29/2026,Headworks to Disk Filters,"24"" Reject Return","60% QAQC - C03-302, C03-304, C03-305",RR,,1,                                                                                        ,5/4/2026,David Nigro,Pipe Laydown,,," $2,469.00 "," $2,469.00 ",,3858(1) ,, $-   , $-   ,1,,
2,KAT,,112.1-24-06,1,EA,"30""x24""","30"" x 24 "" MJ REDUCER",DI,CML,Asphaltic,3/13/2026,6/29/2026,Headworks to Disk Filters,"24"" Reject Return","60% QAQC - C03-302, C03-304, C03-305",RR,,1, ,5/4/2026,David Nigro,Pipe Laydown,Pricing to be agreed upon by KAT and Garney before time of invoice,, *** ,#VALUE!,,3858(1),, $-   , $-   ,1,,
2,KAT,,112.1-30-07,1,EA,"30""","30"" MJ 90 BEND",DI,CML,Asphaltic,3/13/2026,6/29/2026,Headworks to Disk Filters,"24"" Reject Return","60% QAQC - C03-302, C03-304, C03-305",RR,,1, ,7/7/2026,Pablo Chapellin,Pipe Laydown ,,," $3,541.00 "," $3,541.00 ",,4137(1)," $3,541.00 "," $3,541.00 ", $-   ,1,,
2,KAT,,112.1-24-08,22,EA,"24""","24"" Megalug w/ Accessory Kit",,,,,6/29/2026,Headworks to Disk Filters,"24"" Reject Return","60% QAQC - C03-302, C03-304, C03-305",RR,,22, ,6/1/2026,David Nigro,Pipe Laydown,,, $461.00 ," $10,142.00 ",,3885, $461.00 ," $10,142.00 ", $-   ,,,
2,KAT,,112.1-30-09,3,EA,"30""","30"" Megalug w/ Accessory Kit",,,,,6/29/2026,Headworks to Disk Filters,"24"" Reject Return","60% QAQC - C03-302, C03-304, C03-305",RR,,3, ,6/12/2026,Chelsea Vohwinkle,Pipe Laydown,,," $1,061.00 "," $3,183.00 ",,4028," $1,061.00 "," $3,183.00 ", $-   ,,,
3,ServCorp,,112.1-24-10,2,EA,"24""","VLV PLUG 24"" MJ W/NUT OP (FULL PORT)",,,,,6/29/2026,Headworks to Disk Filters,"24"" Reject Return","60% QAQC - C03-302, C03-304, C03-305",RR,,,2,,,,,," $21,365.37 "," $42,730.75 ",,,, $-   , $-   ,,,
3,ServCorp,,112.1-24-11,2,EA,,VLV VALVE STEM EXTENSION X 13' BURY,,,,,6/29/2026,Headworks to Disk Filters,"24"" Reject Return","60% QAQC - C03-302, C03-304, C03-305",RR,,,2,,,,,, $172.21 , $344.42 ,,,, $-   , $-   ,,,
,,,,,,,,,,,,,,,,,,, ,,,,,,, $-   ,,,, $-   , $-   ,,,
2,KAT,,112.1U-30-01,20,LF,"30""",CL51 DI RJ,DI,CML,Asphaltic,3/13/2026,6/29/2026,Under Disk Filters,"30"" Reject Return","60% QAQC - C03-305, M35-101",RR,,19,1,5/28/2026,David Nigro,Pipe Laydown,18.75 LF GFL del 5/28/26,, $332.64 ," $6,652.80 ",,,, $-   , $-   ,,,
2,KAT,,112.1U-30-02,1,EA,"30"" x 08'-00""","CL51 WALL PIPE FLGxWCxPE TFS NPT WC 12"" FROM FLG",DI,CML,Asphaltic,3/13/2026,6/29/2026,Under Disk Filters,"30"" Reject Return","60% QAQC - C03-305, M35-101",RR,,2,-1,5/19/2026,David Nigro,Pipe Laydown,"1 del 5/19/26
1 del 6/17/26",," $8,238.40 "," $8,238.40 ",,3932(1);4110(1)," $8,238.40 "," $16,476.80 "," $8,238.40 ",2,,
2,KAT,,112.1U-30-03,1,EA,"30""","30"" MJ 90 BEND",DI,CML,Asphaltic,3/13/2026,6/29/2026,Under Disk Filters,"30"" Reject Return","60% QAQC - C03-305, M35-101",RR,,1, ,5/4/2026,,,,," $3,541.00 "," $3,541.00 ",,3858(1),, $-   , $-   ,1,,
2,KAT,,112.1U-30-04,2,EA,"30""","30"" Megalug w/ Accessory Kit",,,,3/13/2026,6/29/2026,Under Disk Filters,"30"" Reject Return","60% QAQC - C03-305, M35-101",RR,,2, ,6/17/2026,Chelsea Vohwinkle,Pipe Laydown,,," $1,061.00 "," $2,122.00 ",,,, $-   , $-   ,,,
,,,,,,,,,,,,,,,,,,, ,,,,,,, $-   ,,,, $-   , $-   ,,,
2,KAT,,105a-30-01,2,EA,"30"" x 12'-06""",CL53 FLGxPE SPOOL,DI,CML,Primed,3/13/2026,6/29/2026,Clarifiers 1 & 2 to Main Header,"30"" Secondary Clarifier Effluent","60% QAQC - C03-305, M25-401",SE,,4,-2,6/9/2026,Pablo Chapellin,Pipe Laydown,"2 del 5/19/26
2 del 6/9/26",," $8,776.37 "," $17,552.74 ",,3932(2); 4110(2)," $8,776.37 "," $35,105.48 "," $17,552.74 ",4,,
2,KAT,,105a-30-02,100,LF,"30""",CL51 DI RJ,DI,CML,Asphaltic,3/13/2026,6/29/2026,Clarifiers 1 & 2 to Main Header,"30"" Secondary Clarifier Effluent","60% QAQC - C03-305, M25-401",SE,,96,4,5/28/2026,David Nigro,Pipe Laydown,95.72 LF GFL del 5/28/26,, $332.64 ," $33,264.00 ",,3885(100), $332.64 ," $31,840.30 "," $(1,423.70)",100,,
2,KAT,,105a-30-03,2,EA,"30""","30"" MJ 90 BEND",DI,CML,Asphaltic,3/13/2026,6/29/2026,Clarifiers 1 & 2 to Main Header,"30"" Secondary Clarifier Effluent","60% QAQC - C03-305, M25-401",SE,,2, ,5/4/2026,David Nigro,Pipe Laydown,,," $3,541.00 "," $7,082.00 ",,3858(2),, $-   , $-   ,2,,
2,KAT,,105a-30-04,4,EA,"30""","30"" Megalug w/ Accessory Kit",,,,3/13/2026,6/29/2026,Clarifiers 1 & 2 to Main Header,"30"" Secondary Clarifier Effluent","60% QAQC - C03-305, M25-401",SE,,4, ,6/12/2026,Chelsea Vohwinkle,Pipe Laydown,,," $1,061.00 "," $4,244.00 ",,4028," $1,061.00 "," $4,244.00 ", $-   ,,,
,,,,,,,,,,,,,,,,,,, ,,,,,,, $-   ,,,, $-   , $-   ,,,
2,KAT,,105b-30-01,2,EA,"30"" x 12'-06""",CL53 FLGxPE SPOOL,DI,CML,Primed,3/13/2026,6/29/2026,Clarifiers 3 & 4 to Main Header,"30"" Secondary Clarifier Effluent","60% QAQC - C03-305, M25-401",SE,,4,-2,6/9/2026,Pablo Chapellin,Pipe Laydown,2 del 5/19/26; 2 del 6/9/26,," $8,776.37 "," $17,552.74 ",,3932(2); 4110 (2)," $8,776.37 "," $35,105.48 "," $17,552.74 ",4,,
2,KAT,,105b-30-02,80,LF,"30""",CL51 DI RJ,DI,CML,Asphaltic,3/13/2026,6/29/2026,Clarifiers 3 & 4 to Main Header,"30"" Secondary Clarifier Effluent","60% QAQC - C03-305, M25-401",SE,,77,3,5/11/2026,David Nigro,Pipe Laydown,,, $332.64 ," $26,611.20 ",,3885(16), $332.64 ," $25,480.22 "," $(1,130.98)",16,,
2,KAT,,105b-30-03,2,EA,"30""","30"" MJ 90 BEND",DI ,CML,Asphaltic,3/13/2026,6/29/2026,Clarifiers 3 & 4 to Main Header,"30"" Secondary Clarifier Effluent","60% QAQC - C03-305, M25-401",SE,,,2,,,,,," $3,541.00 "," $7,082.00 ",,4137(2),, $-   , $-   ,2,,
2,KAT,,105b-30-04,1,EA,"30""","30"" MJ 45 BEND",DI ,CML,Asphaltic,3/13/2026,6/29/2026,Clarifiers 3 & 4 to Main Header,"30"" Secondary Clarifier Effluent","60% QAQC - C03-305, M25-401",SE,,1, ,5/4/2026,David Nigro,Pipe Laydown,,," $2,975.00 "," $2,975.00 ",,3858(1),, $-   , $-   ,1,,
2,KAT,,105b-30-05,10,EA,"30""","30"" Megalug w/ Accessory Kit",,,,3/13/2026,6/29/2026,Clarifiers 3 & 4 to Main Header,"30"" Secondary Clarifier Effluent","60% QAQC - C03-305, M25-401",SE,,10, ,6/17/2026,Chelsea Vohwinkle,Pipe Laydown,,," $1,061.00 "," $10,610.00 ",,,, $-   , $-   ,,,
3,ServCorp,,105b-30-06,2,EA,"30""","VLV PLUG 30"" MJ W/NUT OP (FULL PORT)",,,,,6/29/2026,Clarifiers 3 & 4 to Main Header,"30"" Secondary Clarifier Effluent","60% QAQC - C03-305, M25-401",SE,,,2,,,,,," $39,892.83 "," $79,785.66 ",,,, $-   , $-   ,,,
3,ServCorp,,105b-30-07,2,EA,"30""",VLV VALVE STEM EXTENSION X 8' BURY,,,,,6/29/2026,Clarifiers 3 & 4 to Main Header,"30"" Secondary Clarifier Effluent","60% QAQC - C03-305, M25-401",SE,,,2,,,,,, $112.09 , $224.18 ,,,, $-   , $-   ,,,
,,,,,,,,,,,,,,,,,,, ,,,,,,, $-   ,,,, $-   , $-   ,,,
2,KAT,,105.1a-48-01,360,LF,"48""",CL51 DI RJ,DI,CML,Asphaltic,3/13/2026,6/29/2026,Clarifiers 1-4 to Disk Filters,"48"" Secondary Clarifier Effluent",60% QAQC - C03-305,SE,,358,2,7/2/2026,Pablo Chapellin,Pipe Laydown,20 LF del 4/20/26; 160 LF del 6/18/26 (120 LF GFL); 80 LF del 6/19/26; 38 LF del 6/22/26; 60 LF del 7/02/26,, $936.15 ," $337,014.00 ",,3810(20)/4063(240)/4066(37)/4105/4160(20)/4150(20), $936.15 ," $335,141.70 "," $(1,872.30)",337,6/8/2026 (1) Segment A Road Cross (Isaac Pipe Crew),
2,KAT,,105.1a-48-02,1,EA,"48""x30""","48"" x 30"" MJ REDUCER",DI,CML,Asphaltic,3/13/2026,6/29/2026,Clarifiers 1-4 to Disk Filters,"48"" Secondary Clarifier Effluent",60% QAQC - C03-305,SE,,,1,,,,,," $7,047.00 "," $7,047.00 ",,,, $-   , $-   ,,,
2,KAT,,105.1a-48-03,3,EA,"48""x30""","48"" x 30"" MJ RED WYE",DI,CML,Asphaltic,3/13/2026,6/29/2026,Clarifiers 1-4 to Disk Filters,"48"" Secondary Clarifier Effluent",60% QAQC - C03-305,SE,,,3,,,,,," $11,247.00 "," $33,741.00 ",,,, $-   , $-   ,,,
2,KAT,,105.1a-48-04,1,EA,"48""","48"" MJ 90 BEND",DI,CML,Asphaltic,3/13/2026,6/29/2026,Clarifiers 1-4 to Disk Filters,"48"" Secondary Clarifier Effluent",60% QAQC - C03-305,SE,,1, ,5/4/2026,David Nigro,Pipe Laydown,,," $12,653.00 "," $12,653.00 ",,3858(1) ,, $-   , $-   ,1,,
2,KAT,,105.1a-48-05,4,EA,"30""","30"" Megalug w/ Accessory Kit",,,,3/13/2026,6/29/2026,Clarifiers 1-4 to Disk Filters,"48"" Secondary Clarifier Effluent",60% QAQC - C03-305,SE,,4, ,6/17/2026,Chelsea Vohwinkle,Pipe Laydown,,," $1,061.00 "," $4,244.00 ",,,, $-   , $-   ,,,
2,KAT,,105.1a-48-06,9,EA,"48""","48"" Megalug w/ Accessory Kit",,,,3/13/2026,6/29/2026,Clarifiers 1-4 to Disk Filters,"48"" Secondary Clarifier Effluent",60% QAQC - C03-305,SE,,9, ,6/17/2026,Chelsea Vohwinkle,Pipe Laydown,,," $2,630.00 "," $23,670.00 ",,,, $-   , $-   ,,,
,,,,,,,,,,,,,,,,,,, ,,,,,,, $-   ,,,, $-   , $-   ,,,
2,KAT,ok,111-06-01,40,LF,"06""",CL51 DI RJ,DI,P401,Asphaltic,,,Clarifier 1 and 2,"6"" Scum Clarifiers 1 and 2","60% QAQC - C03-305, M25-401",Clarifier Scum,,4,36,6/17/2026,Pablo Chapellin ,Pipe Laydown,,," $1,150.00 "," $46,000.00 ",Riser,,, $-   , $-   ,,,
2,KAT,ok,111-06-02,2,EA,"06"" x 13'-00""",CL53 FLGxPE SPOOL,DI,P401,Primed,3/13/2026,6/29/2026,Clarifier 1 and 2,"6"" Scum Clarifiers 1 and 2","60% QAQC - C03-305, M25-401",Clarifier Scum,,4,-2,6/17/2026,Pablo Chapellin,Pipe Laydown ,,, *** ,#VALUE!,Below,4063(2);4110(2)," $1,755.89 "," $7,023.56 ",#VALUE!,4,,
2,KAT,ok,111-06-03,4,EA,"06""","06"" MJ 45 BEND",DI,P401,Asphaltic,3/13/2026,6/29/2026,Clarifier 1 and 2,"6"" Scum Clarifiers 1 and 2","60% QAQC - C03-305, M25-401",Clarifier Scum,,4, ,5/4/2026,David Nigro,Pipe Laydown,,, $392.00 ," $1,568.00 ",Below,3858(4),, $-   , $-   ,4,,
2,KAT,ok,111-06-04,10,EA,"06""","06"" Megalug w/ Accessory Kit",,,,3/13/2026,6/29/2026,Clarifier 1 and 2,"6"" Scum Clarifiers 1 and 2","60% QAQC - C03-305, M25-401",Clarifier Scum,,10, ,6/1/2026,David Nigro,Pipe Laydown,,, $49.00 , $490.00 ,Below,,, $-   , $-   ,,,
,,,,,,,,,,,,,,,,,,, ,,,,,,, $-   ,,,, $-   , $-   ,,,
2,KAT,,110.2-36-05,4,EA,"36""","36"" Megalug w/ Accessory Kit",,,,3/13/2026,5/4/2026,RAS Pump Station 1 and 2 to Headworks,RAS Pump Station 1 to Headworks,"60% QAQC - C03-303, C03-305, M30-101",RAS,,4, ,6/17/2026,Chelsea Vohwinkle,Pipe Laydown,,," $1,352.00 "," $5,408.00 ",Below,,, $-   , $-   ,,,
2,KAT,,110.2-36-06,2,EA,"36""","36"" MJ 22.5 BEND",DI,P401,Asphaltic,3/13/2026,5/4/2026,RAS Pump Station 1 and 2 to Headworks,RAS Pump Station 1 to Headworks,"60% QAQC - C03-303, C03-305, M30-101",RAS,,2, ,5/4/2026,David Nigro,Pipe Laydown,,, *** ,#VALUE!,,3858(2),, $-   , $-   ,2,,
,,,,,,,,,,,,,,,,,,, ,,,,,,, $-   ,,,, $-   , $-   ,,,
2,KAT,,104Ua-30-03,1,EA,"30""","30"" MJ 90 BEND",DI,P401,Asphaltic,3/13/2026,5/4/2026,BNR 1 and 2,"30"" ML BNR Underslab","60% QAQC - M20-303,M20-101,M20-401",ML,,1, ,5/4/2026,David Nigro,Pipe Laydown,,," $6,730.00 "," $6,730.00 ",Below,3858(1),, $-   , $-   ,1,7/29/2026 (1)  BNR Trains 1 and 2 to Clarifiers 1 and 2 (Staley/Roman),
2,KAT,,104Ua-30-04,2,EA,"30""","30"" Megalug w/ Accessory Kit",,,,3/13/2026,5/4/2026,BNR 1 and 2,"30"" ML BNR Underslab","60% QAQC - M20-303,M20-101,M20-401",ML,,2, ,6/17/2026,Chelsea Vohwinkle,Pipe Laydown,,," $1,061.00 "," $2,122.00 ",Below,,, $-   , $-   ,,,
2,KAT,,104Ub-30-03,1,EA,"30""","30"" MJ 90 BEND",DI,P401,Asphaltic,3/13/2026,5/4/2026,BNR 3 and 4,"30"" ML BNR Underslab","60% QAQC - M20-303,M20-101,M20-401",ML,,1, ,5/4/2026,David Nigro,Pipe Laydown,,," $6,730.00 "," $6,730.00 ",Below,,, $-   , $-   ,,7/29/2026 (1)  BNR Trains 1 and 2 to Clarifiers 1 and 2 (Staley/Roman),
2,KAT,,104Ub-30-04,2,EA,"30""","30"" Megalug w/ Accessory Kit",DI,P401,Asphaltic,3/13/2026,5/4/2026,BNR 3 and 4,"30"" ML BNR Underslab","60% QAQC - M20-303,M20-101,M20-401",ML,,2, ,6/17/2026,Chelsea Vohwinkle,Pipe Laydown,,," $1,061.00 "," $2,122.00 ",Below,,, $-   , $-   ,,,
2,KAT,,104Uc-30-03,1,EA,"30""","30"" MJ 90 BEND",DI,P401,Asphaltic,3/13/2026,5/4/2026,BNR 5 and 6,"30"" ML BNR Underslab","60% QAQC - M20-303,M20-101,M20-401",ML,,1, ,5/22/2026,David Nigro,Pipe Laydown,,," $6,730.00 "," $6,730.00 ",Below,,, $-   , $-   ,,,
2,KAT,,104Uc-30-04,2,EA,"30""","30"" Megalug w/ Accessory Kit",DI,P401,Asphaltic,3/13/2026,5/4/2026,BNR 5 and 6,"30"" ML BNR Underslab","60% QAQC - M20-303,M20-101,M20-401",ML,,2, ,6/17/2026,Chelsea Vohwinkle,Pipe Laydown,,," $1,061.00 "," $2,122.00 ",Below,,, $-   , $-   ,,,
,,,,,,,,,,,,,,,,,,, ,,,,,,, $-   ,,,, $-   , $-   ,,,
2,KAT,,POLY-GR-02,1500,LF,,"DIP GREEN POLY WRAP 10""-12""",POLY,,,3/13/2026,5/4/2026,All,All,,All,,1500, ,4/21/2026,Noah Gore,,,, $0.87 ," $1,305.00 ",Below,3810, $0.87 ," $1,305.00 ", $-   ,,,
2,KAT,,POLY-GR-03,4500,LF,,"DIP GREEN POLY WRAP 14""-16""",POLY,,,3/13/2026,5/4/2026,All,All,,All,,4500, ,4/21/2026,Noah Gore,,,, $1.08 ," $4,860.00 ",Below,3810, $1.08 ," $4,860.00 ", $-   ,,,
2,KAT,,POLY-GR-05,4000,LF,,"DIP GREEN POLY WRAP 24""",POLY,,,3/13/2026,5/4/2026,All,All,,All,,4000, ,4/21/2026,Noah Gore,,,, $1.65 ," $6,600.00 ",Below,3810, $1.65 ," $6,600.00 ", $-   ,,,
2,KAT,,POLY-GR-06,4000,LF,,"DIP GREEN POLY WRAP 30""",POLY,,,3/13/2026,5/4/2026,All,All,,All,,4000, ,4/21/2026,Noah Gore,,,, $2.10 ," $8,400.00 ",Below,3810, $2.10 ," $8,400.00 ", $-   ,,(1 Roll) BNR 2 Southside (Staley),
2,KAT,,POLY-GR-07,1500,LF,,"DIP GREEN POLY WRAP 36""-42""",POLY,,,3/13/2026,5/4/2026,All,All,,All,,1500, ,4/21/2026,Noah Gore,,,, $2.64 ," $3,960.00 ",Below,3810, $2.64 ," $3,960.00 ", $-   ,,,
2,KAT,,POLYTAPE-GR-01,5,CASE,,GREEN POLY WRAP TAPE,,,,3/13/2026,5/4/2026,All,All,,All,,5, ,4/21/2026,Noah Gore,,$7.42/roll & 24 rolls/case,, $178.08 , $890.40 ,Below,3810, $7.42 , $37.10 , $(853.30),,,
2,KAT,,POLYTAPE-PU-01,5,CASE,,PURPLE POLY WRAP TAPE,,,,3/13/2026,5/4/2026,All,All,,All,,5, ,4/21/2026,Noah Gore,,$7.42/roll & 24 rolls/case,, $178.08 , $890.40 ,Below,3810, $7.42 , $37.10 , $(853.30),,,
,,,,,,,,,,,,,,,,,,, ,,,,,,, $-   ,,,, $-   , $-   ,,,
Hold - Not in GMP2,KAT,,NEW RCW-12-01,400,LF,"12""",CL51 DI RJ,DI,CML,Asphaltic,,,,"12"" Reclaimed Water",60% QAQC - C03-304,RCW,,,400,,,,,, $86.45 ," $34,580.00 ",,,, $-   , $-   ,,,
,,,,,,,,,,,,,,,,,,, ,,,,,,, $-   ,,,, $-   , $-   ,,,
Hold - Not in GMP2,KAT,,NEW PW-08-01,1900,LF,"08""",CL50 DI RJ,DI,CML,Asphaltic,,,,"08"" Potable Water","60% QAQC - C03-302, C03-304",PW,,,1900,,,,,, *** ,#VALUE!,,,, $-   , $-   ,,,
Hold - Not in GMP2,KAT,,NEW PW-08-02,1,EA,"08""","08"" MJ 90 BEND",DI,CML,Asphaltic,,,,"08"" Potable Water",60% QAQC - C03-302,PW,,,1,,,,,, *** ,#VALUE!,,,, $-   , $-   ,,,
Hold - Not in GMP2,KAT,,NEW PW-08-03,2,EA,"08""","08"" Megalug w/ Accessory Kit",,,,,,,"08"" Potable Water",60% QAQC - C03-302,PW,,2, ,6/1/2026,David Nigro,Pipe Laydown,,, $66.00 , $132.00 ,,3885, $66.00 , $132.00 , $-   ,,,
,,,,,,,,,,,,,,,,,,, ,,,,,,, $-   ,,,, $-   , $-   ,,,
Hold - Not in GMP2,KAT,,NEW NPW-12-01,1900,LF,"12""",CL51 DI RJ,DI,CML,Asphaltic,,,,"12"" Non-Potable Water","60% QAQC - C03-302, C03-304",NPW,,,1900,,,,,, $86.45 ," $164,255.00 ",,,, $-   , $-   ,,,
Hold - Not in GMP2,KAT,,NEW NPW-12-02,1,EA,"12""","12"" MJ 90 BEND",DI,CML,Asphaltic,,,,"12"" Non-Potable Water",60% QAQC - C03-302,NPW,,,1,,,,,, $382.00 , $382.00 ,,,, $-   , $-   ,,,
Hold - Not in GMP2,KAT,,NEW NPW-12-03,2,EA,"12""","12"" Megalug w/ Accessory Kit",,,,,,,"12"" Non-Potable Water",60% QAQC - C03-302,NPW,,2, ,6/1/2026,David Nigro,Pipe Laydown,,, $124.00 , $248.00 ,,3885, $124.00 , $248.00 , $-   ,,,
,,,,,,,,,,,,,,,,,,, ,,,,,,, $-   ,,,, $-   , $-   ,,,
3,KAT,,110Ua-20-01,140,LF,"20""",CL51 DI RJ,DI,P401,Asphaltic,,,Clarifier 1 and 2 to RAS PS 1,RAS,M25-101 - 60% Submittal,RAS,,80,60,,David Nigro,Pipe Laydown,79.92 del 5/11/26,, $249.91 ," $34,987.40 ",Below,3885(80), $249.91 ," $19,972.81 "," $(15,014.59)",80,,
3,KAT,,110Ua-20-02,2,EA,"20"" x 12'-00""",CL53 FLGxPE SPOOL,DI,P401,Primed,,,Clarifier 1 and 2 to RAS PS 1,RAS,M30-101 - 60% Submittal,RAS,,4,-2,6/17/2026,Pablo Chapellin ,Pipe Laydown,,,, $-   ,Riser,4063(2); 4110(2)," $7,419.48 "," $29,677.92 "," $29,677.92 ",4,,
3,KAT,,110Ua-20-03,2,EA,"20""","20"" MJ 90 BEND",DI,P401,Asphaltic,,,Clarifier 1 and 2 to RAS PS 1,RAS,M25-101 - 60% Submittal,RAS,,2, ,5/4/2026,David Nigro,Pipe Laydown,,,, $-   ,Below,3858(2),, $-   , $-   ,2,,
3,KAT,,110Ua-20-04,4,EA,"20""","20"" Megalug w/ Accessory Kit",,,,,,Clarifier 1 and 2 to RAS PS 1,RAS,M25-101 - 60% Submittal,RAS,,4, ,6/17/2026,Chelsea Vohwinkle,Pipe Laydown,,, $339.00 ," $1,356.00 ",Below,,, $-   , $-   ,,,
5,KAT,,110Ua-20-05,2,EA,"20"" x 11'-06""","CL50 WALL PIPE PE x WC x MJ WC 54"" FROM PE",DI,P401,Asphaltic,,,Clarifier 1 and 2 to RAS PS 1,RAS,M25-101 - 60% Submittal,RAS,,2, ,7/28/2026,Pablo Chapellin,Pipe Laydown,,," $5,995.52 "," $11,991.04 ",Below,,, $-   , $-   ,,,
,,,,,,,,,,,,,,,,,,, ,,,,,,, $-   ,,,, $-   , $-   ,,,
EMAIL,ServCorp,,,2,EA,"06""","06"" SCH 80 TEE",PVC,,,,,,,,,,2, ,5/15/2026,Chelsea Vohwinkle,Pipe Laydown,,, $110.96 , $221.91 ,Below,,, $-   , $-   ,,,
EMAIL,ServCorp,,,9,EA,"06""","06"" SCH 80 90 BEND",PVC,,,,,,,,,,9, ,5/15/2026,Chelsea Vohwinkle,Pipe Laydown,,, $65.99 , $593.90 ,Below,,, $-   , $-   ,,,
EMAIL,ServCorp,,,10,EA,"06""","06"" SCH 80 45 BEND",PVC,,,,,,,,,,10, ,5/15/2026,Chelsea Vohwinkle,Pipe Laydown,,, $79.29 , $792.88 ,Below,,, $-   , $-   ,,,
EMAIL,ServCorp,,,10,EA,"06"" x 02""","06"" X 02"" SCH 80 RED SOC TEE",PVC,,,,,,,,,,10, ,5/15/2026,Chelsea Vohwinkle,Pipe Laydown,,, $73.44 , $734.40 ,Below,,, $-   , $-   ,,,
EMAIL,ServCorp,,,2,EA,GAL,PVC CEMENT,,,,,,,,,,,2, ,5/15/2026,Chelsea Vohwinkle,Pipe Laydown,,, $180.73 , $361.46 ,Below,,, $-   , $-   ,,,
EMAIL,ServCorp,,,2,EA,GAL,PVC PRIMER,,,,,,,,,,,2, ,5/15/2026,Chelsea Vohwinkle,Pipe Laydown,,, $125.60 , $251.20 ,Below,,, $-   , $-   ,,,
EMAIL,ServCorp,,,10,EA,"1/2"" x 520""",PIPE THREAD TAPE,,,,,,,,,,,10, ,5/15/2026,Chelsea Vohwinkle,Pipe Laydown,,, $1.11 , $11.11 ,Below,,, $-   , $-   ,,,
EMAIL,ServCorp,,,2,EA,PINT,TRU-BLU THREAD SEALANT,,,,,,,,,,,2, ,5/15/2026,Chelsea Vohwinkle,Pipe Laydown,,, $32.15 , $64.31 ,Below,,, $-   , $-   ,,,
EMAIL,ServCorp,,,10,EA,"12""",SWAB APPLICATOR,,,,,,,,,,,10, ,5/15/2026,Chelsea Vohwinkle,Pipe Laydown,,, $32.85 , $328.46 ,Below,,, $-   , $-   ,,,
,,,,,,,,,,,,,,,,,,, ,,,,,,, $-   ,,,, $-   , $-   ,,,
5,KAT,,113-16-01,1,EA,"16""","16"" MJ 90 BEND",DI,P401,Asphaltic,,,LS1,DR,Yard Pipe - 60% Submittal,DR,,1, ,5/19/2026,David Nigro,Pipe Laydown,,," $1,877.00 "," $1,877.00 ",Below,3905(1)," $1,877.00 "," $1,877.00 ", $-   ,1,,
5,KAT,,113-16-02,2,EA,"16""","16"" Megalug w/ Accessory Kit",,,,,,LS1,DR,Yard Pipe - 60% Submittal,DR,,2, ,7/2/2026,Chelsea Vohwinkle,Pipe Laydown,,, $209.00 , $418.00 ,Below,3885, $209.00 , $418.00 , $-   ,,,
,,,,,,,,,,,,,,,,,,, ,,,,,,, $-   ,,,, $-   , $-   ,,,
4,KAT,,109-48-01,5,EA,"48""","48"" PRJ 45 BEND",DI,CML,Asphaltic,4/8/2026,7/31/2026,Yard,"48"" Reclaimed Water","60% Submittal - C03-101, C03-301, C03-304, C03-305, M50-001, M50-101, M51-001, M51-301",RCW,,,5,,,,Two of these 45s are currently shown as 90s on the drawing noted in column P,,, $-   ,,,, $-   , $-   ,,,
4,KAT,,109-48-02,1,EA,"48""","48"" PRJ 90 BEND",DI,CML,Asphaltic,4/8/2026,7/31/2026,Yard,"48"" Reclaimed Water","60% Submittal - C03-101, C03-302",RCW,,,1,,,,,,, $-   ,,,, $-   , $-   ,,,
4,KAT,,109-48-03,1,EA,"48""x24""","48"" x 24"" PRJ RED TEE",DI,CML,Asphaltic,4/8/2026,7/31/2026,Yard,"48"" Reclaimed Water","60% Submittal - C03-101, C03-301, C03-304, C03-305, M50-001, M50-101, M51-001, M51-303",RCW,,,1,,,,,,, $-   ,,,, $-   , $-   ,,,
,,,,,,,,,,,,,,,,,,, ,,,,,,, $-   ,,,, $-   , $-   ,,,
2,ServCorp,,119.1-02-01,1620,LF,"02"" x 20'-00""",CERTA-LOK YELOMINE PIPE W/ COUPLING,PVC,,,4/23/2026,5/7/2026,All,Temp Const Water Loop,,,,,1620,,,,,, $7.08 ," $11,469.60 ",,,, $-   , $-   ,,,
2,ServCorp,,119.1-02-05,8,EA,"02""",SCH 80 PVC 90 BEND SOC,PVC,,,4/23/2026,5/7/2026,All,Temp Const Water Loop,,,,8, ,5/14/2026,David Nigro,Pipe Laydown Conex,,, $6.03 , $48.26 ,,G-HC-0673P031-009, $6.03 , $48.24 , $(0.02),,,
2,ServCorp,,119.1-02-12,2,EA,"02""",SCH 80 PVC 45 BEND SOC,PVC,,,4/23/2026,5/7/2026,All,Temp Const Water Loop,,,,2, ,5/14/2026,David Nigro,Pipe Laydown Conex,Pricing to be agreed upon by ServCorp and Garney before time of invoice,, $14.13 , $28.26 ,,G-HC-0673P031-009, $14.13 , $28.26 , $-   ,,,
2,ServCorp,,119-06-03,20,EA,"06""",SCH 80 PVC 90 BEND SOC,PVC,,,4/23/2026,5/7/2026,All,Temp Const Water Loop,,,,20, ,5/14/2026,David Nigro,Pipe Laydown Conex,,, $65.99 ," $1,319.78 ",,G-HC-0673P031-009, $61.13 ," $1,222.60 ", $(97.18),,,
2,ServCorp,,119-06-04,1,EA,"06""",SCH 80 PVC 45 BEND SOC,PVC,,,4/23/2026,5/7/2026,All,Temp Const Water Loop,,,,1, ,5/14/2026,David Nigro,Pipe Laydown Conex,,, $79.29 , $79.29 ,,G-HC-0673P031-009, $73.45 , $73.45 , $(5.84),,,
2,ServCorp,,119.1-02-10,14,EA,"02""","SCH 80 PVC SPIG x 3/4"" FNPT BUSHING",PVC,,,4/23/2026,5/7/2026,All,Temp Const Water Loop,,,,14, ,5/14/2026,David Nigro,Pipe Laydown Conex,,, $8.54 , $119.55 ,,G-HC-0673P031-009, $8.70 , $121.80 , $2.25 ,,,
2,ServCorp,,119-06-10,3,EA,"06""x02""","SCH 80 PVC 06"" x 02"" RED BUSHING",PVC,,,4/23/2026,5/7/2026,All,Temp Const Water Loop,,,,3, ,5/14/2026,,Pipe Laydown Conex,Delivered via UPS,, $51.97 , $155.91 ,,G-HC-0673P031-008, $51.97 , $155.91 , $-   ,,,
2,ServCorp,,119.1-02-06,17,EA,"02""",SCH 80 PVC SOC TEE,PVC,,,4/23/2026,5/7/2026,All,Temp Const Water Loop,,,,17, ,5/14/2026,David Nigro,Pipe Laydown Conex,,, $21.31 , $362.23 ,,G-HC-0673P031-009, $21.31 , $362.27 , $0.04 ,,,
2,ServCorp,,119-06-02,1,EA,"06""",SCH 80 PVC SOC TEE,PVC,,,4/23/2026,5/7/2026,All,Temp Const Water Loop,,,,1, ,5/14/2026,David Nigro,Pipe Laydown Conex,,, $110.96 , $110.96 ,,G-HC-0673P031-009, $102.79 , $102.79 , $(8.17),,,
2,ServCorp,,119-06-05,2,EA,"06""x02""","SCH 80 PVC 06"" x 02"" RED SOC TEE",PVC,,,4/23/2026,5/7/2026,All,Temp Const Water Loop,,,,2, ,5/14/2026,,Pipe Laydown Conex,Delivered via UPS,, $73.44 , $146.88 ,,G-HC-0673P031-008, $68.03 , $136.06 , $(10.82),,,
2,ServCorp,,119-06-11,1,EA,"06""",SCH 80 PVC SOC WYE,PVC,,,4/23/2026,5/7/2026,All,Temp Const Water Loop,,,,1, ,5/14/2026,David Nigro,Pipe Laydown Conex,Pricing to be agreed upon by ServCorp and Garney before time of invoice,, $250.80 , $250.80 ,,G-HC-0673P031-009, $250.80 , $250.80 , $-   ,,,
2,ServCorp,,119.1-02-07,15,EA,"02""",SCH 80 PVC EPDM Ball Valves,PVC,,,4/23/2026,5/7/2026,All,Temp Const Water Loop,,,,15, ,5/14/2026,David Nigro,Pipe Laydown Conex,Changed from PVC to EPDM,, $88.79 ," $1,331.78 ",,G-HC-0673P031-009, $88.79 ," $1,331.85 ", $0.07 ,,,
2,ServCorp,,119.1-02-13,15,EA,"02""",SCH 80 PVC SOC CAP,PVC,,,4/23/2026,5/7/2026,All,Temp Const Water Loop,,,,15, ,5/14/2026,David Nigro,Pipe Laydown Conex,,, $14.32 , $214.83 ,,G-HC-0673P031-009, $13.27 , $199.05 , $(15.78),,,
2,ServCorp,,119.1-02-11,15,EA,"02""","02-3/4"" BRASS MNPT x 3/4"" HOSE BIB",BRASS,,,4/23/2026,5/7/2026,All,Temp Const Water Loop,,,,15, ,5/14/2026,David Nigro,Pipe Laydown Conex,,, $8.59 , $128.85 ,,G-HC-0673P031-009, $8.59 , $128.85 , $-   ,,,
2,ServCorp,,119.1-02-08,10,EA,"02""",SCH 80 PVC MALE ADAPTER NPT x SOC,PVC,,,4/23/2026,5/7/2026,All,Temp Const Water Loop,,,,10, ,5/14/2026,David Nigro,Pipe Laydown Conex,,, $16.55 , $165.49 ,,G-HC-0673P031-009, $16.55 , $165.50 , $0.01 ,,,
2,ServCorp,,119.1-02-09,10,EA,"02""",ALUMINUM MALE CAMLOCK x FNPT,ALUM,,,4/23/2026,5/7/2026,All,Temp Const Water Loop,,,,10, ,5/14/2026,David Nigro,Pipe Laydown Conex,,, $5.47 , $54.71 ,,G-HC-0673P031-009, $5.56 , $55.60 , $0.89 ,,,
2,ServCorp,,119.1-02-03,9,EA,"02""","02"" CERTA-LOK F/E x SW S/E
SCH 80 SOC COUPLING",PVC,,,4/23/2026,5/7/2026,All,Temp Const Water Loop,,,,9, ,5/14/2026,David Nigro,Pipe Laydown Conex,,, $7.48 , $67.32 ,,G-HC-0673P031-009, $7.48 , $67.32 , $-   ,,,
,,,,,,,,,,,,,,,,,,, ,,,,,,, $-   ,,,, $-   , $-   ,,,
EMAIL,Harrington,,,1,EA,"08""",SCH 40 PVC SOC TEE,PVC,,,5/11/2026,5/12/2026,All,Temp Const Water Loop,,,,1, ,5/12/2026,,,Picked up at Harrington,, $118.69 , $118.69 ,,,, $-   , $-   ,,,
EMAIL,Harrington,,,1,EA,"08""x02""",SCH 40 PVC SOC RED BUSH,PVC,,,5/11/2026,5/12/2026,All,Temp Const Water Loop,,,,1, ,5/12/2026,,,Picked up at Harrington,, $66.09 , $66.09 ,,,, $-   , $-   ,,,
EMAIL,Harrington,,119-06-02,1,EA,"06""",SCH 80 PVC SOC TEE,PVC,,,5/11/2026,5/12/2026,All,Temp Const Water Loop,,,,1, ,5/12/2026,,,Picked up at Harrington,, $73.11 , $73.11 ,,,, $-   , $-   ,,,
EMAIL,Harrington,,,1,EA,"02""",SCH 40 PVC BALL VALVE,PVC,,,5/11/2026,5/12/2026,All,Temp Const Water Loop,,,,1, ,5/12/2026,,,Picked up at Harrington,, $14.66 , $14.66 ,,,, $-   , $-   ,,,
EMAIL,Harrington,,,10,LF,"02""",SCH 40 PVC PIPE,PVC,,,5/11/2026,5/12/2026,All,Temp Const Water Loop,,,,10, ,5/12/2026,,,Picked up at Harrington,, $0.79 , $7.90 ,,,, $-   , $-   ,,,
EMAIL,Harrington,,,1,EA,"02""",BLACK POLY CAMLOCK X FNPT,POLY,,,5/11/2026,5/12/2026,All,Temp Const Water Loop,,,,1, ,5/12/2026,,,Picked up at Harrington,, $5.21 , $5.21 ,,,, $-   , $-   ,,,
,,,,,,,,,,,,,,,,,,, ,,,,,,, $-   ,,,, $-   , $-   ,,,
EMAIL,KAT,,,6,EA,"06""","06"" MJ PLUG W/ 2"" TAP",DI,,,5/4/2026,5/5/2026,All,Temp Const Water Loop,,,,6, ,5/7/2026,Noah Gore,,Picked up at C&M,, $154.49 , $926.94 ,,3885, $154.49 , $926.94 , $-   ,,,
EMAIL,KAT,,,3,EA,"06""","06"" MJ CAP W/ 2"" TAP",DI,,,5/4/2026,5/5/2026,All,Temp Const Water Loop,,,,3, ,5/7/2026,Noah Gore,,Picked up at C&M,, $130.79 , $392.37 ,,3885, $130.79 , $392.37 , $-   ,,,
EMAIL,KAT,,,2,EA,"02""","02"" THREADED PLUG",GALV,,,5/4/2026,5/5/2026,All,Temp Const Water Loop,,,,2, ,5/7/2026,Noah Gore,,Picked up at C&M,, $7.17 , $14.34 ,,3885, $7.17 , $14.34 , $-   ,,,
EMAIL,KAT,,,7,EA,"02""","02"" THREADED PLUG",BRASS,,,5/4/2026,5/5/2026,All,Temp Const Water Loop,,,,7, ,5/7/2026,Noah Gore,,Picked up at C&M,, $17.99 , $125.93 ,,3885, $17.99 , $125.93 , $-   ,,,
EMAIL,KAT,,,9,EA,"06""","06"" BOLT KIT",,,,5/4/2026,5/5/2026,All,Temp Const Water Loop,,,,9, ,5/7/2026,Noah Gore,,Picked up at C&M,, $22.46 , $202.14 ,,3885, $22.46 , $202.14 , $-   ,,,
EMAIL,KAT,,,2,EA,,"1-1/4"" WATER WRENCH ",,,,5/4/2026,5/5/2026,All,Temp Const Water Loop,,,,2, ,5/7/2026,Noah Gore,,Picked up at C&M,, $145.87 , $291.74 ,,3885, $145.87 , $291.74 , $-   ,,,
EMAIL,KAT,,,3,EA,"06""",SIP EZ GRIP,,,,5/4/2026,5/5/2026,All,Temp Const Water Loop,,,,3, ,5/7/2026,Noah Gore,,Picked up at C&M,, $38.56 , $115.68 ,,3885, $38.56 , $115.68 , $-   ,,,
,,,,,,,,,,,,,,,,,,, ,,,,,,, $-   ,,,, $-   , $-   ,,,
EMAIL,ServCorp,,LUBE-01,10,EA,,PIPE LUBE,,,,5/15/2026,5/7/2026,All,Temp Const Water Loop,,,,10, ,5/18/2026,David Nigro,Pipe Laydown Conex,,, $17.32 , $173.20 ,,G-HC-0673P031-007, $17.32 , $173.20 , $-   ,,,
,,,,,,,,,,,,,,,,,,, ,,,,,,, $-   ,,,, $-   , $-   ,,,
5,KAT,,111a-06-01,2,EA,"06"" x 13'-06""",CL53 FLGxPE SPOOL,DI,P401,Primed,,,Clarifier 1 and 2,Scum,,Scum,,2, ,6/9/2026,Pablo Chapellin,Pipe Laydown,,," $1,623.29 "," $3,246.58 ",,4028(2)," $1,623.29 "," $3,246.58 ", $-   ,2,,
5,KAT,,111a-06-02,20,LF,"06""",CL51 DI RJ,DI,P401,Asphaltic,,,Clarifier 1 and 2,Scum,,Scum,,,20,,,,,,, $-   ,,,, $-   , $-   ,,,
5,KAT,,111a-06-03,4,EA,"06""","06"" MJ 45 BEND",DI,P401,Asphaltic,,,Clarifier 1 and 2,Scum,,Scum,,4, ,5/19/2026,David Nigro,Pipe Laydown,,, $392.00 ," $1,568.00 ",Below,3905(4), $392.00 ," $1,568.00 ", $-   ,4,,
5,KAT,,111a-06-04,10,EA,"06""","06"" Megalug w/ Accessory Kit",,,,,,Clarifier 1 and 2,Scum,,Scum,,10, ,6/1/2026,David Nigro,Pipe Laydown,,, $49.00 , $490.00 ,,,, $-   , $-   ,,,
,,,,,,,,,,,,,,,,,,, ,,,,,,, $-   ,,,, $-   , $-   ,,,
5,KAT,,111b-06-01,2,EA,"06"" x 13'-06""",CL53 FLGxPE SPOOL,DI,P401,Primed,,,Clarifier 1 and 2,Scum,,Scum,,2, ,6/11/2026,Pablo Chapellin,Pipe Laydown ,,," $1,839.15 "," $3,678.30 ",,4028(2); 4037(1)," $1,623.39 "," $3,246.78 ", $(431.52),3,,
5,KAT,,111b-06-02,20,LF,"06""",CL51 DI RJ,DI,P401,Asphaltic,,,Clarifier 1 and 2,Scum,,Scum,,,20,,,,,,, $-   ,,,, $-   , $-   ,,,
5,KAT,,111b-06-03,6,EA,"06""","06"" MJ 45 BEND",DI,P401,Asphaltic,,,Clarifier 1 and 2,Scum,,Scum,,6, ,5/19/2026,David Nigro,Pipe Laydown,,, $392.00 ," $2,352.00 ",,3905(6), $392.00 ," $2,352.00 ", $-   ,6,,
5,KAT,,111b-06-04,12,EA,"06""","06"" Megalug w/ Accessory Kit",,,,,,Clarifier 1 and 2,Scum,,Scum,,12, ,6/1/2026,David Nigro,Pipe Laydown,,, $49.00 , $588.00 ,,,, $-   , $-   ,,,
,,,,,,,,,,,,,,,,,,, ,,,,,,, $-   ,,,, $-   , $-   ,,,
5,KAT,,111c-06-01,1,EA,"06"" x 13'-06""",CL53 FLGxPE SPOOL,DI,P401,Primed,,,Clarifier 1 and 2,Scum,,Scum,,1, ,6/9/2026,Pablo Chapellin,Pipe Laydown,,," $1,623.39 "," $1,623.39 ",,4037(1)," $1,623.39 "," $1,623.39 ", $-   ,1,,
5,KAT,,111c-06-02,20,LF,"06""",CL51 DI RJ,DI,P401,Asphaltic,,,Clarifier 1 and 2,Scum,,Scum,,,20,,,,,,, $-   ,,,, $-   , $-   ,,,
5,KAT,,111c-06-03,3,EA,"06""","06"" MJ 45 BEND",DI,P401,Asphaltic,,,Clarifier 1 and 2,Scum,,Scum,,3, ,5/19/2026,David Nigro ,Pipe Laydown,,, $392.00 ," $1,176.00 ",,3905(3), $392.00 ," $1,176.00 ", $-   ,3,,
5,KAT,,111c-06-04,6,EA,"06""","06"" Megalug w/ Accessory Kit",,,,,,Clarifier 1 and 2,Scum,,Scum,,6, ,6/1/2026,David Nigro,Pipe Laydown,,, $49.00 , $294.00 ,,,, $-   , $-   ,,,
,,,,,,,,,,,,,,,,,,, ,,,,,,, $-   ,,,, $-   , $-   ,,,
5,KAT,,PT-01,1,EA,"12""","12"" BLIND FLANGE w/ 2"" TAP",DI,FIRST AVAILABLE,FIRST AVAILABLE,,,,,,,,1, ,5/19/2026,David Nigro,Pipe Laydown,,, $387.19 , $387.19 ,,3905(1), $387.19 , $387.19 , $-   ,1,,
5,KAT,,PT-02,1,EA,"12""","12"" MJ CAP w/ 2"" TAP",DI,FIRST AVAILABLE,FIRST AVAILABLE,,,,,,,,1, ,5/19/2026,David Nigro ,Pipe Laydown,,, $199.20 , $199.20 ,,3905(1), $199.20 , $199.20 , $-   ,1,,
5,KAT,,PT-03,1,EA,"12""","12"" MJ PLUG w/ 2"" TAP",DI,FIRST AVAILABLE,FIRST AVAILABLE,,,,,,,,1, ,5/19/2026,David Nigro ,Pipe Laydown,,, $212.75 , $212.75 ,,3905(1), $212.75 , $212.75 , $-   ,1,,
5,KAT,,PT-04,1,EA,"30""","30"" BLIND FLANGE w/ 2"" TAP",DI,FIRST AVAILABLE,FIRST AVAILABLE,,,,,,,,1, ,5/19/2026,David Nigro ,Pipe Laydown,,," $2,503.93 "," $2,503.93 ",,3905(1)," $2,503.83 "," $2,503.83 ", $(0.10),1,6/9/2026 (1) BNR 2 Southside (Staley),
5,KAT,,PT-05,1,EA,"30""","30"" FLG GASKET",ANY,FIRST AVAILABLE,FIRST AVAILABLE,,,,,,,,,1,,,,,, $212.81 , $212.81 ,,,, $-   , $-   ,,,
5,KAT,,PT-06,1,EA,"12""","12"" FLG GASKET",ANY,FIRST AVAILABLE,FIRST AVAILABLE,,,,,,,,,1,,,,,, $37.84 , $37.84 ,,,, $-   , $-   ,,,
5,KAT,,PT-07,1,EA,"20""","20"" FLG GASKET",ANY,FIRST AVAILABLE,FIRST AVAILABLE,,,,,,,,,1,,,,,, $108.81 , $108.81 ,,,, $-   , $-   ,,,
5,KAT,,PT-08,28,EA,"1-1/4"" x 04""","CAP SCREW - 04"" LONG x 1-1/4""",GALV,FIRST AVAILABLE,FIRST AVAILABLE,,,,,,,,,28,,,,,, $11.40 , $319.20 ,,,, $-   , $-   ,,,
5,KAT,,PT-09,12,EA,"7/8"" x 02"" ","CAP SCREW - 02"" LONG x 7/8""",GALV,FIRST AVAILABLE,FIRST AVAILABLE,,,,,,,,,12,,,,,, $5.04 , $60.48 ,,,, $-   , $-   ,,,
5,KAT,,PT-10,20,EA,"1-1/8"" x 2-3/4""","CAP SCREW - 2-3/4"" LONG x 1-1/8""",GALV,FIRST AVAILABLE,FIRST AVAILABLE,,,,,,,,,20,,,,,, $8.29 , $165.80 ,,,, $-   , $-   ,,,
5,KAT,,PT-11,1,EA,"12""","12"" Megalug w/ Accessory Kit",,,,,,,,,,,1, ,6/1/2026,David Nigro,Pipe Laydown,,, $124.00 , $124.00 ,,3885, $124.00 , $124.00 , $-   ,,,
EMAIL,KAT,,PT-12,1,EA,"30""","30"" MJ PLUG",DI,FIRST AVAILABLE,FIRST AVAILABLE,,,,,,,,1, ,5/22/2026,David Nigro,Pipe Laydown,,,, $-   ,,,, $-   , $-   ,,,
EMAIL,KAT,,PT-13,1,EA,"30""","30"" Gland Accessory Kit for Plug",,,,,,,,,,,1, ,5/22/2026,David Nigro,Pipe Laydown,,,, $-   ,,,, $-   , $-   ,,,
,,,,,,,,,,,,,,,,,,, ,,,,,,, $-   ,,,, $-   , $-   ,,,
5,KAT,,110.1-24-06,1,EA,"24""","24"" MJ 45 BEND",DI,P401,Asphaltic,,,,,,,,1, ,5/19/2026,David Nigro,Pipe Laydown,,," $3,132.15 "," $3,132.15 ",,3905," $3,132.15 "," $3,132.15 ", $-   ,,,
5,KAT,,110.1-24-05,2,EA,"24""","24"" Megalug w/ Accessory Kit",,,,,,,,,,,2, ,7/2/2026,Chelsea Vohwinkle,Pipe Laydown,,,, $-   ,,,, $-   , $-   ,,,
,,,,,,,,,,,,,,,,,,, ,,,,,,, $-   ,,,, $-   , $-   ,,,
5,KAT,,110.3-48-04,2,EA,"48""","48"" MJ TEE",DI,P401,Asphaltic,,,,,,,,,2,,,,,,, $-   ,,4160(1)," $28,822.00 ", $-   , $-   ,1,,
5,KAT,,110.3-48-07,1,EA,"48""","48"" MJ SLEEVE",DI,P401,Asphaltic,,,,,,,,1, ,5/19/2026,David Nigro ,Pipe Laydown,,," $13,386.00 "," $13,386.00 ",,3905," $13,386.00 "," $13,386.00 ", $-   ,,07/22/2026 (1) Eastside of Headworks (Brittian),
5,KAT,,110.3-48-08,2,EA,"48""","48"" MJ PLUG",DI,P401,Asphaltic,,,,,,,,,2,,,,,,, $-   ,,,, $-   , $-   ,,,
5,KAT,,110.3-48-06,6,EA,"48""","48"" Megalug w/ Accessory Kit",,,,,,,,,,,,6,,,,,,, $-   ,,,, $-   , $-   ,,,
5,KAT,,110.3-48-09,2,EA,"48""","48"" Gland Accessory Kit for Plug",,,,,,,,,,,,2,,,,,,, $-   ,,,, $-   , $-   ,,,
,,,,,,,,,,,,,,,,,,, ,,,,,,, $-   ,,,, $-   , $-   ,,,
5,KAT,,GMP4-NPW1,1,EA,"12"" x 11'-06""","CL53 FLGxPE SPOOL FLG TFS WC 20"" FROM FLANGE",DI,CML,Asphaltic,,,,,,,,1, ,6/11/2026,Pablo Chapellin ,Pipe /Laydown ,,," $2,961.04 "," $2,961.04 ",,4037(1)," $2,961.04 "," $2,961.04 ", $-   ,1,,
5,KAT,,GMP4-NPW2,100,LF,"12""",CL51 DI RJ,DI,CML,Asphaltic,,,,,,,,99,1,5/18/2026,David Nigro,Pipe Laydown,98.63 LF del 5/18/26,,, $-   ,,4063(99), $86.45 ," $8,526.56 "," $8,526.56 ",99,,
5,KAT,,GMP4-NPW3,1,EA,"12""","12"" MJ 90 BEND",DI,CML,Asphaltic,,,,,,,,1, ,5/19/2026,David Nigro,Pipe Laydown,,, $382.00 , $382.00 ,,3905(1), $382.00 , $382.00 , $-   ,1,,
5,KAT,,GMP4-NPW4,2,EA,"12""","12"" Megalug w/ Accessory Kit",,,,,,,,,,,2, ,6/1/2026,David Nigro,Pipe Laydown,,, $124.00 , $248.00 ,,3885, $124.00 , $248.00 , $-   ,,,
,,,,,,,,,,,,,,,,,,, ,,,,,,, $-   ,,,, $-   , $-   ,,,
5,KAT,,104.3-30-01,200,LF,"30""",CL51 DI RJ,DI,P401,Asphaltic,,,,,,,,184,16,5/27/2026,David Nigro,Pipe Laydown,"58.1 LF del 5/18/26
126.25 del 5/27/26",, $405.62 ," $81,124.00 ",Below,3905, $405.62 ," $74,776.05 "," $(6,347.95)",,6/22/2026 (9) BNR 1&2-Clarifier 1&2 (Staley),
5,KAT,,104.3-30-02,1,EA,"30""","30"" MJ 45 BEND",DI,P401,Asphaltic,,,,,,,,1, ,5/19/2026,David Nigro,Pipe Laydown,,," $5,836.00 "," $5,836.00 ",,3905(1)," $5,836.00 "," $5,836.00 ", $-   ,1,07/29/2026 (1)  BNR Trains 1 and 2 to Clarifiers 1 and 2 (Staley/Roman),
5,KAT,,104.3-30-03,2,EA,"30""","30"" Megalug w/ Accessory Kit",,,,,,,,,,,2, ,6/17/2026,Chelsea Vohwinkle,Pipe Laydown,,,, $-   ,,,, $-   , $-   ,,,
,,,,,,,,,,,,,,,,,,, ,,,,,,, $-   ,,,, $-   , $-   ,,,
5,KAT,,104.4-30-01,420,LF,"30""",CL51 DI RJ,DI,P401,Asphaltic,,,,,,,,416,4,5/27/2026,David Nigro,Pipe Laydown,290.01 del 5/27/26; 126 LF del 7/7/26,,, $-   ,,3905 (56); 4063(58); 4194(21); 4160(125), $405.62 ," $168,737.92 "," $168,737.92 ",260,,
5,KAT,,104.4-30-02,3,EA,"30""","30"" MJ 45 BEND",DI,P401,Asphaltic,,,,,,,,3, ,5/19/2026,David Nigro,Pipe Laydown,,," $5,836.00 "," $17,508.00 ",,3905," $5,836.00 "," $17,508.00 ", $-   ,,"6/9/2026 (1)- BNR 1 (Staley), 7/29/2029 (1)  BNR Trains 1 and 2 to Clarifiers 1 and 2 (Staley/Roman)",
5,KAT,,104.4-30-03,6,EA,"30""","30"" Megalug w/ Accessory Kit",,,,,,,,,,,,6,,,,,,, $-   ,,,, $-   , $-   ,,,
,,,,,,,,,,,,,,,,,,, ,,,,,,, $-   ,,,, $-   , $-   ,,,
5,KAT,,104Ub2-30-01,2,EA,"30"" x 11'-06""","CL50 WALL PIPE FLGxWCxPE TFS NPT WC 39"" FROM FLANGE",DI,P401,Asphaltic,,,Clarifier 1 and 2,"30"" ML Below Clarifiers 1/2","60% QAQC - C03-305, M25-102, M25-401",ML,,2, ,6/24/2026,Pablo Chapellin,Pipe Laydown,23.2 LF Del 6/24/2026,," $8,200.67 "," $16,401.34 ",Below,4086(2)," $12,615.62 "," $25,231.24 "," $8,829.90 ",2,,
5,KAT,,104Ub2-30-02,2,EA,"30""","30"" MJ 90 BEND",DI,P401,Asphaltic,,,Clarifier 1 and 2,"30"" ML Below Clarifiers 1/2","60% QAQC - C03-305, M25-102, M25-401",ML,,2, ,7/7/2026,Pablo Chapellin,Pipe Laydown,,," $6,730.00 "," $13,460.00 ",Below,4137(2)," $6,730.00 "," $13,460.00 ", $-   ,2,,
5,KAT,,104Ub2-30-03,4,EA,"30""","30"" Megalug w/ Accessory Kit",,,,,,BNR 1 and 2 to Clarifier 1 and 2,"30"" ML Between Clarifiers 1/2 and BNR 1/2","60% QAQC - C03-305, M25-102, M25-401",ML,,,4,,,,,," $1,061.00 "," $4,244.00 ",Below,,, $-   , $-   ,,,
,,,,,,,,,,,,,,,,,,, ,,,,,,, $-   ,,,, $-   , $-   ,,,
5,KAT,,104Uc2-30-01,1,EA,"30"" x 11'-06""","CL50 WALL PIPE FLGxWCxPE TFS NPT WC 39"" FROM FLANGE",DI,P401,Asphaltic,,,Clarifier 1 and 2,"30"" ML Below Clarifiers 1/2","60% QAQC - C03-305, M25-102, M25-401",ML,,1, ,6/24/2026,Pablo Chapellin,Pipe Laydown,11.6 LF Del 6/24/2026,," $8,200.67 "," $8,200.67 ",Below,4086(1)," $12,615.62 "," $12,615.62 "," $4,414.95 ",1,7/29/2026 (1)  BNR Trains 1 and 2 to Clarifiers 1 and 2 (Staley/Roman),
5,KAT,,104Uc2-30-02,1,EA,"30""","30"" MJ 90 BEND",DI,P401,Asphaltic,,,Clarifier 1 and 2,"30"" ML Below Clarifiers 1/2","60% QAQC - C03-305, M25-102, M25-401",ML,,1, ,7/7/2026,Pablo Chapellin,Pipe Laydown,,," $6,730.00 "," $6,730.00 ",Below,4137(1)," $6,730.00 "," $6,730.00 ", $-   ,1,,
5,KAT,,104Uc2-30-03,2,EA,"30""","30"" Megalug w/ Accessory Kit",,,,,,BNR 1 and 2 to Clarifier 1 and 2,"30"" ML Between Clarifiers 1/2 and BNR 1/2","60% QAQC - C03-305, M25-102, M25-401",ML,,,2,,,,,," $1,061.00 "," $2,122.00 ",Below,,, $-   , $-   ,,,
,,,,,,,,,,,,,,,,,,, ,,,,,,, $-   ,,,, $-   , $-   ,,,
5,KAT,,110Ub-20-01,140,LF,"20""",CL51 DI RJ,DI,P401,Asphaltic,,,Clarifier 1 and 2 to RAS PS 1,RAS,M25-101 - 60% Submittal,RAS,,,140,,,,,, $248.69 ," $34,816.60 ",Below,,, $-   , $-   ,,,
5,KAT,,110Ub-20-02,2,EA,"20"" x 12'-00""",CL53 FLGxPE SPOOL,DI,P401,Primed,,,Clarifier 1 and 2 to RAS PS 1,RAS,M30-101 - 60% Submittal,RAS,,2, ,7/23/2026,Pablo Chapellin,Pipe Laydown,,," $7,419.48 "," $14,838.96 ",Riser,4281(2)," $7,419.48 "," $14,838.96 ", $-   ,2,,
5,KAT,,110Ub-20-03,2,EA,"20""","20"" MJ 90 BEND",DI,P401,Asphaltic,,,Clarifier 1 and 2 to RAS PS 1,RAS,M25-101 - 60% Submittal,RAS,,2, ,5/19/2026,David Nigro ,Pipe Laydown,,," $3,005.23 "," $6,010.46 ",Below,3905," $3,005.23 "," $6,010.46 ", $-   ,,,
5,KAT,,110Ub-20-04,6,EA,"20""","20"" Megalug w/ Accessory Kit",,,,,,Clarifier 1 and 2 to RAS PS 1,RAS,M25-101 - 60% Submittal,RAS,,6, ,7/2/2026,Chelsea Vohwinkle,Pipe Laydown,,, $338.86 ," $2,033.16 ",Below,3905(2),, $-   , $-   ,2,,
5,KAT,,110Ub-20-05,2,EA,"20"" x 11'-06""","CL50 WALL PIPE PE x WC x MJ WC 54"" FROM PE",DI,P401,Asphaltic,,,Clarifier 1 and 2 to RAS PS 1,RAS,M25-101 - 60% Submittal,RAS,,2, ,7/23/2026,Pablo Chapellin,Pipe Laydown,,," $7,391.65 "," $14,783.30 ",Below,4281(2)," $7,391.65 "," $14,783.30 ", $-   ,2,,
,,,,,,,,,,,,,,,,,,, ,,,,,,, $-   ,,,, $-   , $-   ,,,
5,KAT,,110Uc-20-01,60,LF,"20""",CL51 DI RJ,DI,P401,Asphaltic,,,Clarifier 1 and 2 to RAS PS 1,RAS,M25-101 - 60% Submittal,RAS,,,60,,,,,,, $-   ,Below,,, $-   , $-   ,,,
5,KAT,,110Uc-20-02,1,EA,"20"" x 12'-00""",CL53 FLGxPE SPOOL,DI,P401,Primed,,,Clarifier 1 and 2 to RAS PS 1,RAS,M30-101 - 60% Submittal,RAS,,1, ,7/23/2026,Pablo Chapellin,Pipe Laydown,,,, $-   ,Riser,4281(1)," $7,419.48 "," $7,419.48 "," $7,419.48 ",1,,
5,KAT,,110Uc-20-03,1,EA,"20""","20"" MJ 90 BEND",DI,P401,Asphaltic,,,Clarifier 1 and 2 to RAS PS 1,RAS,M25-101 - 60% Submittal,RAS,,1, ,5/19/2026,David Nigro ,Pipe Laydown ,,," $3,005.23 "," $3,005.23 ",Below,3905(1)," $3,005.23 "," $3,005.23 ", $-   ,1,,
5,KAT,,110Uc-20-04,3,EA,"20""","20"" Megalug w/ Accessory Kit",,,,,,Clarifier 1 and 2 to RAS PS 1,RAS,M25-101 - 60% Submittal,RAS,,,3,,,,,, $339.00 ," $1,017.00 ",Below,,, $-   , $-   ,,,
5,KAT,,110Uc-20-05,1,EA,"20"" x 11'-06""","CL50 WALL PIPE PE x WC x MJ WC 54"" FROM PE",DI,P401,Asphaltic,,,Clarifier 1 and 2 to RAS PS 1,RAS,M25-101 - 60% Submittal,RAS,,1, ,7/23/2026,Pablo Chapellin ,Pipe Laydown,,," $7,237.67 "," $7,237.67 ",Below,4281(1)," $7,237.67 "," $7,237.67 ", $-   ,1,,
,,,,,,,,,,,,,,,,,,, ,,,,,,, $-   ,,,, $-   , $-   ,,,
5,KAT,,116.3Ub-10-01,2,EA,"10"" x 6'-00""","CL50 PE x WC x MJ WC 35"" FROM PE",DI,P401,Asphaltic,,,Clarifier 1 and 2,"10"" Drain Clarifiers 1 and 2","60% QAQC - C03-305, M25-401",Clarifier Drain,,2, ,6/11/2026,Pablo Chapellin,Pipe Laydown,,," $1,900.85 "," $3,801.70 ",Below,4037(2)," $1,900.85 "," $3,801.70 ", $-   ,2,,
5,KAT,,116.3Ub-10-02,180,LF,"10""",CL51 DI RJ,DI,P401,Asphaltic,,,Clarifier 1 and 2,"10"" Drain Clarifiers 1 and 2","60% QAQC - C03-305, M25-401",Clarifier Drain,,177,3,7/22/2026,Pablo Chapellin,Pipe Laydown,79.04 LF Del 7/20/2026                                            98.8 LF Del 7/22/2026,, $97.36 ," $17,524.80 ",Below,4216(158),, $-   , $-   ,158,,
5,KAT,,116.3Ub-10-03,2,EA,"10""x6""","10""x06"" MJ RED WYE",DI,P401,Asphaltic,,,Clarifier 1 and 2,"10"" Drain Clarifiers 1 and 2","60% QAQC - C03-305, M25-401",Clarifier Drain,,2, ,7/7/2026,Pablo Chapellin,Pipe Laydown,,," $1,427.43 "," $2,854.86 ",Below,4137(2)," $1,428.00 "," $2,856.00 ", $1.14 ,2,,
5,KAT,,116.3Ub-10-04,2,EA,"10""","10"" MJ 45 BEND",DI,P401,Asphaltic,,,Clarifier 1 and 2,"10"" Drain Clarifiers 1 and 2","60% QAQC - C03-305, M25-102, M25-401",RAS,,2, ,5/19/2026,David Nigro ,Pipe Laydown,,, $724.00 ," $1,448.00 ",Below,3905(2), $724.00 ," $1,448.00 ", $-   ,,,
5,KAT,,116.3Ub-10-05,18,EA,"10""","10"" Megalug w/ Accessory Kit",,,,,,Clarifier 1 and 2,"10"" Drain Clarifiers 1 and 2","60% QAQC - C03-305, M25-401",Clarifier Drain,,18, ,7/2/2026,Chelsea Vohwinkle,Pipe Laydown,,, $94.00 ," $1,692.00 ",Below,,, $-   , $-   ,,,
,,,,,,,,,,,,,,,,,,, ,,,,,,, $-   ,,,, $-   , $-   ,,,
5,KAT,,116.3Uc-10-01,1,EA,"10"" x 6'-00""","CL50 PE x WC x MJ WC 35"" FROM PE",DI,P401,Asphaltic,,,Clarifier 1 and 2,"10"" Drain Clarifiers 1 and 2","60% QAQC - C03-305, M25-401",Clarifier Drain,,1, ,6/11/2026,Pablo Chapellin ,Pipe Laydown ,,," $1,900.85 "," $1,900.85 ",Below,4037(1)," $1,900.85 "," $1,900.85 ", $-   ,1,,
5,KAT,,116.3Uc-10-02,80,LF,"10""",CL51 DI RJ,DI,P401,Asphaltic,,,Clarifier 1 and 2,"10"" Drain Clarifiers 1 and 2","60% QAQC - C03-305, M25-401",Clarifier Drain,,79,1,7/20/2026,Pablo Chapellin,Pipe Laydown,79.04 LF Del 7/20/2026,, $97.36 ," $7,788.80 ",Below,4281(98), $97.36 ," $7,695.33 ", $(93.47),98,,
5,KAT,,116.3Uc-10-03,1,EA,"10""x6""","10""x06"" MJ RED WYE",DI,P401,Asphaltic,,,Clarifier 1 and 2,"10"" Drain Clarifiers 1 and 2","60% QAQC - C03-305, M25-401",Clarifier Drain,,1, ,7/7/2026,Pablo Chapellin,Pipe Laydown,,," $1,427.43 "," $1,427.43 ",Below,4137(1)," $1,428.00 "," $1,428.00 ", $0.57 ,1,,
5,KAT,,116.3Uc-10-04,2,EA,"10""","10"" MJ 45 BEND",DI,P401,Asphaltic,,,Clarifier 1 and 2,"10"" Drain Clarifiers 1 and 2","60% QAQC - C03-305, M25-102, M25-401",RAS,,2, ,5/19/2026,David Nigro,Pipe Laydown,,, $724.00 ," $1,448.00 ",Below,3905(2), $724.00 ," $1,448.00 ", $-   ,2,,
5,KAT,,116.3Uc-10-05,5,EA,"10""","10"" Megalug w/ Accessory Kit",,,,,,Clarifier 1 and 2,"10"" Drain Clarifiers 1 and 2","60% QAQC - C03-305, M25-401",Clarifier Drain,,5, ,7/2/2026,Chelsea Vohwinkle,Pipe Laydown,,, $94.00 , $470.00 ,Below,3885, $94.00 , $470.00 , $-   ,,,
,,,,,,,,,,,,,,,,,,, ,,,,,,, $-   ,,,, $-   , $-   ,,,
6,KAT,,WIRE-01,10000,LF,10GA,10GA PURPLE CCS PE30 COPPER CLAD TRACER WIRE,,,,,5/22/2026,All,All,,All,,10000, ,5/19/2026,Chelsea Vohwinkle,Pipe Laydown,,, $0.41 ," $4,100.00 ",Below,3920, $0.41 ," $4,100.00 ", $-   ,,,
6,KAT,,WIRE-02,15000,LF,10GA,10GA GREEN CCS PE30 COPPER CLAD TRACER WIRE,,,,,5/22/2026,All,All,,All,,15000, ,5/19/2026,Chelsea Vohwinkle,Pipe Laydown,,, $0.41 ," $6,150.00 ",Below,3920, $0.41 ," $6,150.00 ", $-   ,,,
6,KAT,,CONN-01,25,EA,,COPPERHEAD 3WB-01 3W LUG CONN BLUE,,,,,5/22/2026,All,All,,All,,25, ,5/19/2026,Chelsea Vohwinkle,Pipe Laydown,,, $11.33 , $283.25 ,Below,3920, $11.33 , $283.25 , $-   ,,,
,,,,,,,,,,,,,,,,,,, ,,,,,,, $-   ,,,, $-   , $-   ,,,
EMAIL,KAT,,REPAIR-01,24,EA,,P401 REPAIR KIT,,,,,5/22/2026,All,All,,All,,24, ,,,,Pricing to be agreed upon by Garney and KAT before time of delivery,,, $-   ,Below,,, $-   , $-   ,,,
EMAIL,KAT,,REPAIR-02,1,EA,,BLACK DRAGON BITUMINOUS REPAIR KIT,,,,,5/22/2026,All,All,,All,,1, ,,,,,,, $-   ,Below,,, $-   , $-   ,,,
,,,,,,,,,,,,,,,,,,, ,,,,,,, $-   ,,,, $-   , $-   ,,,
EMAIL,KAT,,116.1U-12-09,6,EA,"12""",FOSTER ADAPTORS,DI,P401,Asphaltic,5/19/2026,6/2/2026,BNR 1 - 6,"12"" Drains BNR Underslab","60% QAQC - M20-303,M20-101,M20-401",Drain,,6, ,5/27/2026,Pablo Chapellin,Pipe Laydown,Pricing to be agreed upon by Garney and KAT before time of delivery,, $305.08 ," $1,830.48 ",,3966, $305.08 ," $1,830.48 ", $-   ,,,
,,,,,,,,,,,,,,,,,,, ,,,,,,, $-   ,,,, $-   , $-   ,,,
EMAIL,KAT,,,1,EA,"3/4"" x 03-1/2""",T-BOLT BUCKET,,,,6/1/2026,6/14/2026,All,All,,All,,1, ,6/16/2026,Chelsea Vohwinkle,Pipe Laydown,,, $540.00 , $540.00 ,,4028, $540.00 , $540.00 , $-   ,,,
EMAIL,KAT,,,1,EA,"3/4"" x 04""",T-BOLT BUCKET,,,,6/1/2026,6/14/2026,All,All,,All,,1, ,6/16/2026,Chelsea Vohwinkle,Pipe Laydown,,, $432.00 , $432.00 ,,4028, $432.00 , $432.00 , $-   ,,,
EMAIL,KAT,,,1,EA,"3/4"" x 04-1/2""",T-BOLT BUCKET,,,,6/1/2026,6/14/2026,All,All,,All,,1, ,6/16/2026,Chelsea Vohwinkle,Pipe Laydown,,, $437.75 , $437.75 ,,4028, $437.75 , $437.75 , $-   ,,,
EMAIL,KAT,,,1,EA,"3/4"" x 05""",T-BOLT BUCKET,,,,6/1/2026,6/14/2026,All,All,,All,,1, ,6/16/2026,Chelsea Vohwinkle,Pipe Laydown,,, $437.75 , $437.75 ,,4028, $437.75 , $437.75 , $-   ,,,
EMAIL,KAT,,,1,EA,"01"" x 06""",T-BOLT BUCKET,,,,6/1/2026,6/14/2026,All,All,,All,,1, ,6/16/2026,Chelsea Vohwinkle,Pipe Laydown,,, $291.00 , $291.00 ,,4028, $291.00 , $291.00 , $-   ,,,
EMAIL,KAT,,,1,EA,"01-1/4"" x 08-1/2""",T-BOLT BUCKET,,,,6/1/2026,6/14/2026,All,All,,All,,1, ,6/15/2026,Pablo Chapellin,Pipe Laydown,,, $690.75 , $690.75 ,,4028, $690.75 , $690.75 , $-   ,,,
,,,,,,,,,,,,,,,,,,, ,,,,,,, $-   ,,,, $-   , $-   ,,,
EMAIL,Harrington,,,2,EA,"02""",SCH 80 PVC 90 BEND SOC,PVC,,,6/2/2026,6/3/2026,All,Temp Const Water Loop,,,,2, ,6/3/2026,Noah Gore,,Picked up at Harrington,, $3.82 , $7.64 ,,,, $-   , $-   ,,,
EMAIL,Harrington,,,1,EA,"02""",SCH 40 PVC BALL VALVE,PVC,,,6/2/2026,6/3/2026,All,Temp Const Water Loop,,,,1, ,6/3/2026,Noah Gore,,Picked up at Harrington,, $14.66 , $14.66 ,,,, $-   , $-   ,,,
EMAIL,Harrington,,119-06-02,1,EA,"06""",SCH 80 PVC SOC TEE,PVC,,,6/2/2026,6/3/2026,All,Temp Const Water Loop,,,,1, ,6/3/2026,Noah Gore,,Picked up at Harrington,, $73.11 , $73.11 ,,,, $-   , $-   ,,,
EMAIL,Harrington,,,1,EA,"06""x02""","SCH 80 PVC 06""x02"" RED BUSH",PVC,,,6/2/2026,6/3/2026,All,Temp Const Water Loop,,,,1, ,6/3/2026,Noah Gore,,Picked up at Harrington,, $28.89 , $28.89 ,,,, $-   , $-   ,,,
EMAIL,Harrington,,,5,EA,"06""",SCH 80 PVC 45 BEND SOC,PVC,,,6/2/2026,6/3/2026,All,Temp Const Water Loop,,,,5, ,6/3/2026,Noah Gore,,Picked up at Harrington,, $52.25 , $261.25 ,,,, $-   , $-   ,,,
,,,,,,,,,,,,,,,,,,, ,,,,,,, $-   ,,,, $-   , $-   ,,,
7,KAT,,112.1-24-12,1,EA,"24"" x 10'-00""",CL53 FLGxPE SPOOL,DI,CML,Primed,5/29/2026,8/30/2026,Headworks,RR,,,,,1,,,,,,, $-   ,Riser,,, $-   , $-   ,,,
7,KAT,,112.1-24-13,20,LF,"24""",CL51 DI PExRJBE,DI,CML,Asphaltic,5/29/2026,8/30/2026,Headworks,RR,,,,20, ,7/22/2026,Pablo Chapellin ,Pipe Laydown,,, $225.15 ," $4,503.00 ",Below,4281(19), $181.44 ," $3,628.80 ", $(874.20),19,,
7,KAT,,112.1-24-14,400,LF,"24""",CL51 DI RJ,DI,CML,Asphaltic,5/29/2026,8/30/2026,Headworks,RR,,,,400, ,7/27/2026,Pablo Chapellin,Pipe Laydown,300 LF Del 07/22/2026; 100 LF del 07/27/2026,, $225.15 ," $90,060.00 ",Below,4281(395), $225.15 ," $90,060.00 ", $-   ,395,,
7,KAT,,112.1-24-15,3,EA,"24""","24"" MJ 90 BEND",DI,CML,Asphaltic,5/29/2026,8/30/2026,Headworks,RR,,,,3, ,6/22/2026,Pablo Chapellin,Pipe Laydown ,,," $2,231.00 "," $6,693.00 ",Below,4066(3)," $2,231.00 "," $6,693.00 ", $-   ,3,,
7,KAT,,112.1-24-16,6,EA,"24""","24"" Megalug w/ Accessory Kit",,,,5/29/2026,8/30/2026,Headworks,RR,,,,6, ,7/2/2026,Chelsea Vohwinkle,Pipe Laydown,,, $461.00 ," $2,766.00 ",Below,,, $-   , $-   ,,,
,,,,,,,,,,,,,,,,,,, ,,,,,,, $-   ,,,, $-   , $-   ,,,
7,KAT,,117-16-06,2,EA,"16"" x 10'-00""",CL53 FLGxPE SPOOL,DI,P401,Primed,5/29/2026,8/30/2026,Headworks,FM,,,,,2,,,,,,, $-   ,Below,,, $-   , $-   ,,,
7,KAT,,117-16-07,20,LF,"16""",CL51 DI PExRJBE,DI,P401,Asphaltic,5/29/2026,8/30/2026,Headworks,FM,,,,,20,,,,,, $171.56 ," $3,431.20 ",Below,,, $-   , $-   ,,,
7,KAT,,117-16-08,340,LF,"16""",CL51 DI RJ,DI,P401,Asphaltic,5/29/2026,8/30/2026,Headworks,FM,,,,,340,,,,,, $171.56 ," $58,330.40 ",Below,,, $-   , $-   ,,,
7,KAT,,117-16-09,4,EA,"16""","16"" MJ 90 BEND",DI,P401,Asphaltic,5/29/2026,8/30/2026,Headworks,FM,,,,4, ,6/22/2026,Pablo Chapellin,Pipe Laydown,,," $1,877.00 "," $7,508.00 ",Below,4066(4)," $1,877.00 "," $7,508.00 ", $-   ,4,,
7,KAT,,117-16-10,8,EA,"16""","16"" Megalug w/ Accessory Kit",,,,5/29/2026,8/30/2026,Headworks,FM,,,,8, ,7/2/2026,Chelsea Vohwinkle,Pipe Laydown,,, $209.00 ," $1,672.00 ",Below,3885, $209.00 ," $1,672.00 ", $-   ,,,
,,,,,,,,,,,,,,,,,,, ,,,,,,, $-   ,,,, $-   , $-   ,,,
7,KAT,,107.3Ua-48-01,2,EA,"48"" x 11'-00""","CL53 FLGxWCxPE SPOOL - WC 46"" FROM FLANGE",DI,CML,Primed,5/29/2026,8/30/2026,Reject Tank Underslab,RW,,,,,2,,,,,,, $-   ,Riser,,, $-   , $-   ,,,
7,KAT,,107.3Ua-48-02,40,LF,"48""",CL51 DI PExHPLOKBE (MUST BE 20N and GFL),DI,CML,Asphaltic,5/29/2026,8/30/2026,Reject Tank Underslab,RW,,,,,40,,,,,, $936.15 ," $37,446.00 ",Below,,, $-   , $-   ,,,
7,KAT,,107.3Ua-48-03,2,EA,"48""","48"" MJ 90 BEND",DI,CML,Asphaltic,5/29/2026,8/30/2026,Reject Tank Underslab,RW,,,,2, ,6/22/2026,Pablo Chapellin ,Pipe Laydown ,,," $12,653.00 "," $25,306.00 ",Below,4216(39)," $12,653.00 "," $25,306.00 ", $-   ,39,,
7,KAT,,107.3Ua-48-04,10,EA,"48""","48"" Megalug w/ Accessory Kit",,,,5/29/2026,8/30/2026,Reject Tank Underslab,RW,,,,,10,,,,,," $2,630.00 "," $26,300.00 ",Below,4066(2),, $-   , $-   ,2,,
,,,,,,,,,,,,,,,,,,, ,,,,,,, $-   ,,,, $-   , $-   ,,,
11,KAT,,107.2a-60-01,2,EA,"60""x48""","60""x48"" HP LOK TEE",DI,CML,Asphaltic,7/7/2026,8/31/2026,CC to Reject Tanks,RW,,,,,2,,,,,," $48,411.00 "," $96,822.00 ",Below,,, $-   , $-   ,,,
11,KAT,,107.2a-60-02,3,EA,"60""","60"" HP LOK 90 BEND",DI,CML,Asphaltic,7/7/2026,8/31/2026,CC to Reject Tanks,RW,,,,,3,,,,,," $30,589.00 "," $91,767.00 ",Below,,, $-   , $-   ,,,
11,KAT,,107.2a-60-03,8,EA,"60""","60"" HP LOK 45 BEND",DI,CML,Asphaltic,7/7/2026,8/31/2026,CC to Reject Tanks,RW,,,,,8,,,,,," $23,380.00 "," $187,040.00 ",Below,,, $-   , $-   ,,,
11,KAT,,107.2a-60-04,1,EA,"60""","60"" HP LOK PLUG",DI,CML,Asphaltic,7/7/2026,8/31/2026,CC to Reject Tanks,RW,,,,,1,,,,,,, $-   ,Below,,, $-   , $-   ,,,
7,KAT,,107.2a-60-05,1,EA,"60""","60"" BLIND FLANGE w/ TAP",DI,ANY ,ANY,5/29/2026,8/30/2026,CC to Reject Tanks,RW,,,,,1,,,,,,, $-   ,Below,,, $-   , $-   ,,,
7,KAT,,107.2a-60-06,1,EA,"60""","60"" BOLT AND GASKET KIT",ANY,,,5/29/2026,8/30/2026,CC to Reject Tanks,RW,,,,,1,,,,,,, $-   ,Below,,, $-   , $-   ,,,
,KAT,,107.2a-60-20,1,EA,"60"" x 14 - 8-5/16""",CL53 FLGxRJPE SPOOL,DI,CML,Primed,5/29/2026,8/30/2026,CC to Reject Tanks,RW,,,,,1,,,,Effluent Flow Meter Riser (South),,, $-   ,Riser,,, $-   , $-   ,,,
,KAT,,107.2a-60-21,1,EA,"60"" x 15' - 2-1/4""",CL53 FLGxRJPE SPOOL,DI,CML,Primed,5/29/2026,8/30/2026,CC to Reject Tanks,RW,,,,,1,,,,Effluent Flow Meter Riser (North),,, $-   ,Riser,,, $-   , $-   ,,,
8,KAT,,107.2a-60-09,1260,LF,"60""",PRESSURE CLASS 250 DI RJ ,DI,CML,Asphaltic,5/29/2026,8/30/2026,CC to Reject Tanks,RW,,,,,1260,,,,,," $1,349.86 "," $1,700,823.60 ",Below,,, $-   , $-   ,,,
7,KAT,,107.2a-60-10,20,LF,"60""",PRESSURE CLASS 250 DI PExRJBE,DI,CML,Asphaltic,5/29/2026,8/30/2026,CC to Reject Tanks,RW,,,,,20,,,,,," $1,349.86 "," $26,997.20 ",Below,,, $-   , $-   ,,,
,KAT,,107.2a-60-11,400,LF,"60""",PRESSURE CLASS 250 DI RJ GFL,DI,CML,Asphaltic,,,CC to Reject Tanks,RW,,,,,400,,,,,,, $-   ,Below,,, $-   , $-   ,,,
,,,,,,,,,,,,,,,,,,, ,,,,,,,,,,, $-   , $-   ,,,
7,KAT,,105.2-60-01,20,LF,"60""",PRESSURE CLASS 250 DI PExRJBE,DI,CML,Asphaltic,5/29/2026,8/30/2026,Filter Underslab,SE,,,,,20,,,,,," $1,223.71 "," $24,474.20 ",Below,,, $-   , $-   ,,,
7,KAT,,105.2-60-02,20,LF,"60""",PRESSURE CLASS 250 DI RJ ,DI,CML,Asphaltic,5/29/2026,8/30/2026,Filter Underslab,SE,,,,,20,,,,,," $1,223.71 "," $24,474.20 ",Below,,, $-   , $-   ,,,
7,KAT,,105.2-60-03,1,EA,"60""","60"" MJ 90 BEND",DI,CML,Asphaltic,5/29/2026,8/30/2026,Filter Underslab,SE,,,,1, ,6/22/2026,Pablo Chapellin ,Pipe Laydown ,,,, $-   ,Below,4066(1)," $39,064.85 "," $39,064.85 "," $39,064.85 ",1,,
11,KAT,,105.2-60-04,1,EA,"60"" x 9'-00""","CL53 PE x WC x FLG (TFS) SPOOL WC 12"" FROM FLG",DI,CML,Asphaltic,7/7/2026,8/31/2026,Filter Underslab,SE,,,,,1,,,,,,, $-   ,Riser,,, $-   , $-   ,,,
7,KAT,,105.2-60-05,2,EA,"60""","60"" Megalug w/ Accessory Kit",,,,,,Filter Underslab,SE,,,,,2,,,,,," $9,498.66 "," $18,997.32 ",Below,,, $-   , $-   ,,,
11,KAT,,105.2-60-06,2,EA,"60""","60"" HP LOK 45 BEND",DI,CML,Asphaltic,7/7/2026,8/31/2026,Filter Underslab,SE,,,,,2,,,,,," $23,380.00 "," $46,760.00 ",Below,,,,,,,
,,,,,,,,,,,,,,,,,,, ,,,,,,, $-   ,,,, $-   , $-   ,,,
7,KAT,,106U-60-01,20,LF,"60""",PRESSURE CLASS 250 DI PExRJBE,DI,CML,Asphaltic,5/29/2026,8/30/2026,Filter Underslab,FE,,,,,20,,,,,," $1,223.71 "," $24,474.20 ",Below,,, $-   , $-   ,,,
7,KAT,,106U-60-02,20,LF,"60""",PRESSURE CLASS 250 DI RJ ,DI,CML,Asphaltic,5/29/2026,8/30/2026,Filter Underslab,FE,,,,,20,,,,,," $1,223.71 "," $24,474.20 ",Below,,, $-   , $-   ,,,
7,KAT,,106U-60-03,20,LF,"60""",PRESSURE CLASS 250 DI RJ GFL,DI,CML,Asphaltic,5/29/2026,8/30/2026,Filter Underslab,FE,,,,,20,,,,,," $1,223.71 "," $24,474.20 ",Below,,, $-   , $-   ,,,
7,KAT,,106U-60-04,1,EA,"60""","60"" MJ 90 BEND",DI,CML,Asphaltic,5/29/2026,8/30/2026,Filter Underslab,FE,,,,,1,,,,,,, $-   ,Below,,, $-   , $-   ,,,
11,KAT,,106U-60-05,1,EA,"60"" x 7'-00""","CL53 PE x WC x FLG (TFS) SPOOL WC 12"" FROM FLG",DI,CML,Asphaltic,7/7/2026,8/31/2026,Filter Underslab,FE,,,,,1,,,,,,, $-   ,Riser,,, $-   , $-   ,,,
7,KAT,,106U-60-06,2,EA,"60""","60"" Megalug w/ Accessory Kit",,,,,,Filter Underslab,FE,,,,,2,,,,,," $9,498.66 "," $18,997.32 ",Below,,, $-   , $-   ,,,
,,,,,,,,,,,,,,,,,,, ,,,,,,, $-   ,,,, $-   , $-   ,,,
7,KAT,,108a-48-01,40,LF,"48""","CL51 DI PExRJBE, GFL",DI,CML,Asphaltic,5/29/2026,8/30/2026,Reject Tanks to High Service Pump Station,RW,,,,,40,,,,,,, $-   ,Below,,, $-   , $-   ,,,
7,KAT,,108a-48-02,40,LF,"48""","CL51 DI RJ, GFL",DI,CML,Asphaltic,5/29/2026,8/30/2026,Reject Tanks to High Service Pump Station,RW,,,,,40,,,,,,, $-   ,Below,,, $-   , $-   ,,,
7,KAT,,108a-48-03,10,EA,"48""","48"" Megalug w/ Accessory Kit",-,-,-,5/29/2026,8/30/2026,Reject Tanks to High Service Pump Station,RW,,,,,10,,,,,," $2,630.00 "," $26,300.00 ",Below,,, $-   , $-   ,,,
7,KAT,,108a-54-01,2,EA,"54""x48""","54""x48"" MJ TEE",DI,CML,Asphaltic,5/29/2026,8/30/2026,Reject Tanks to High Service Pump Station,RW,,,,2, ,6/22/2026,Pablo Chapellin ,Pipe Laydown ,,,, $-   ,Below,4066(2)," $26,246.09 "," $52,492.18 "," $52,492.18 ",2,,
7,KAT,,108a-54-02,2,EA,"54""","54"" MJ PLUG",DI,CML,Asphaltic,5/29/2026,8/30/2026,Reject Tanks to High Service Pump Station,RW,,,,2, ,6/22/2026,Pablo Chapellin ,Pipe Laydown ,,," $10,922.66 "," $21,845.32 ",Below,4066(1)," $10,922.66 "," $21,845.32 ", $-   ,1,,
7,KAT,,108a-54-03,40,LF,"54""",CL50 DI PExRJBE,DI,CML,Asphaltic,5/29/2026,8/30/2026,Reject Tanks to High Service Pump Station,RW,,,,,40,,,,,," $1,065.45 "," $42,618.00 ",Below,,, $-   , $-   ,,,
8,KAT,,108a-54-04,140,LF,"54""",CL50 DI RJ,DI,CML,Asphaltic,5/29/2026,8/30/2026,Reject Tanks to High Service Pump Station,RW,,,,,140,,,,,," $1,065.45 "," $149,163.00 ",Below,,, $-   , $-   ,,,
8,KAT,,108a-54-05,100,LF,"54""",CL50 DI RJ GFL,DI,CML,Asphaltic,5/29/2026,8/30/2026,Reject Tanks to High Service Pump Station,RW,,,,,100,,,,,," $1,065.45 "," $106,545.00 ",Below,,, $-   , $-   ,,,
7,KAT,,108a-54-06,10,EA,"54""x18""","54""x18"" MJ TEE",DI,CML,Asphaltic,5/29/2026,8/30/2026,Reject Tanks to High Service Pump Station,RW,,,,,10,,,,,," $26,123.31 "," $261,233.10 ",Below,,, $-   , $-   ,,,
7,KAT,,108a-54-07,8,EA,"54"" x 15'-06""",CL50 PExPE SPOOL,DI,CML,Asphaltic,5/29/2026,8/30/2026,Reject Tanks to High Service Pump Station,RW,,,,,8,,,,,,, $-   ,Below,,, $-   , $-   ,,,
7,KAT,,108a-54-08,32,EA,"54""","54"" Megalug w/ Accessory Kit",-,-,-,5/29/2026,8/30/2026,Reject Tanks to High Service Pump Station,RW,,,,,32,,,,,," $7,423.00 "," $237,536.00 ",Below,,, $-   , $-   ,,,
7,KAT,,108a-54-09,2,EA,"54""","54"" GASKET AND HARDWARE FOR PLUG",-,-,-,5/29/2026,8/30/2026,Reject Tanks to High Service Pump Station,RW,,,,,2,,,,,," $1,961.12 "," $3,922.24 ",Below,,, $-   , $-   ,,,
,,,,,,,,,,,,,,,,,,, ,,,,,,, $-   ,,,, $-   , $-   ,,,
Email,Harrington,,,4,EA,20',"6"" SCH40 PVC (6"" Pipe B/E PVC SCH40) ",PVC,,,6/4/2026,,,,,,,,4,,,,,, $3.89 , $311.20 ,,,, $-   , $-   ,,,
,,,,,,,,,,,,,,,,,,, ,,,,,,, $-   ,,,, $-   , $-   ,,,
EMAIL,Harrington,,119-06-02,1,EA,"06""",SCH 80 PVC SOC TEE,PVC,,,6/4/2026,6/5/2026,All,Temp Const Water Loop,,,,1, ,6/5/2026,Noah Gore,,Picked up at Harrington,, $73.11 , $73.11 ,,,, $-   , $-   ,,,
EMAIL,Harrington,,,1,EA,"06"" x 02""","SCH 80 PVC 06"" x 02"" RED SOC TEE",PVC,,,6/4/2026,6/5/2026,All,Temp Const Water Loop,,,,1, ,6/5/2026,Noah Gore,,Picked up at Harrington,, $28.89 , $28.89 ,,,, $-   , $-   ,,,
,,,,,,,,,,,,,,,,,,, ,,,,,,, $-   ,,,, $-   , $-   ,,,
EMAIL,KAT,,YOGI-01,3,EA,,"48"" RCW SHOP DRAWINGS",,,,,,RCW HIGH SERVICE PS TO TIE IN,"48"" RCW PS TO TIE IN",,RCW,,3, ,,,,,, $408.40 ," $1,225.20 ",,3920, $408.40 ," $1,225.20 ", $-   ,,,
,,,,,,,,,,,,,,,,,,, ,,,,,,, $-   ,,,, $-   , $-   ,,,
9,KAT,,116.2a-12-01,1,EA,"12"" X 08""","12"" X 08"" MJ WYE",DI,P401,Asphaltic,6/16/2026,8/3/2026,BNR 1-6,DR,,DR,,1, ,7/15/2026,Pablo Chapellin,Pipe Laydown,(1) Being replaced due to lack of coating,," $2,057.00 "," $2,057.00 ",Below,4194(1),, $-   , $-   ,1,,
9,KAT,,116.2a-08-01,40,LF,"08""",CL51 DI RJ,DI,P401,Asphaltic,6/16/2026,8/3/2026,BNR 1-6,DR,,DR,,,40,,,,-,, $76.78 ," $3,071.20 ",Below,,, $-   , $-   ,,,
9,KAT,,116.2a-08-02,1,EA,"08""","08"" MJ 45 DEG BEND",DI,P401,Asphaltic,6/16/2026,8/3/2026,BNR 1-6,DR,,DR,,1, ,7/15/2026,Pablo Chapellin,Pipe Laydown,(1) Being replaced due to lack of coating,, $542.00 , $542.00 ,Below,4194(1),, $-   , $-   ,1,,
9,KAT,,116.2a-08-03,5,EA,"08""","08"" MEGALUG W/ ACCESSORY KIT",DI,P401,Asphaltic,6/16/2026,8/3/2026,BNR 1-6,DR,,DR,,5, ,6/1/2026,David Nigro,Pipe Laydown,-,, $66.00 , $330.00 ,Below,3885, $66.00 , $330.00 , $-   ,,,
9,KAT,,116.2a-08-04,1,EA,"08""","08"" MJ PLUG w/ 2"" TAP",DI,P401,Asphaltic,6/16/2026,8/3/2026,BNR 1-6,DR,,,,,1,,,,,, $550.44 , $550.44 ,Below,,,,,,,
9,KAT,,116.2a-12-02,16,EA,"12""","12"" MJ WYE",DI,P401,Asphaltic,6/16/2026,8/3/2026,BNR 1-6,DR,,DR,,16, ,7/15/2026,Pablo Chapellin ,Pipe Laydown,(3) Being replaced due to lack of coating,," $2,144.00 "," $34,304.00 ",Below,4194(16),, $-   , $-   ,16,,
9,KAT,,116.2a-12-03,4,EA,"12""","12"" MJ PLUG w/ 2"" TAP",DI,P401,Asphaltic,6/16/2026,8/3/2026,BNR 1-6,DR,,DR,,4, ,7/15/2026,Pablo Chapellin,Pipe Laydown,,, $862.79 ," $3,451.16 ",Below,4194(4),, $-   , $-   ,4,,
9,KAT,,116.2a-12-04,4,EA,"12""","12"" GASKET AND HARDWARE FOR MJ PLUG",-,-,-,6/16/2026,8/3/2026,BNR 1-6,DR,,DR,,4, ,7/15/2026,Pablo Chapellin,Pipe Laydown,,, $48.41 , $193.64 ,Below,4194(4),, $-   , $-   ,4,,
9,KAT,,116.2a-12-05,12,EA,"12""","12"" MJ TEE",DI,P401,Asphaltic,6/16/2026,8/3/2026,BNR 1-6,DR,,DR,,12, ,7/15/2026,Pablo Chapellin,Pipe Laydown,1 Tee being replaced due to lack of coating,," $1,409.10 "," $16,909.20 ",Below,4194(12),, $-   , $-   ,12,,
9,KAT,,116.2a-12-06,24,EA,"12""","12"" MJ 45 DEG BEND",DI,P401,Asphaltic,6/16/2026,8/3/2026,BNR 1-6,DR,,DR,,24, ,7/15/2026,Pablo Chapellin,Pipe Laydown,,, $943.00 ," $22,632.00 ",Below,4194(24),, $-   , $-   ,24,,
9,KAT,,116.2a-12-07,24,EA,"12"" X 04'-00""",CL53 DI FLGxPE SPOOL,DI,P401,Primed,6/16/2026,8/3/2026,BNR 1-6,DR,,DR,,,24,,,,,," $1,459.62 "," $35,030.88 ",Below,,, $-   , $-   ,,,
9,KAT,,116.2a-12-08,24,EA,"12"" X 02""","12"" BLIND FLANGE W/ 2"" TAP",DI,P401,Primed,6/16/2026,8/3/2026,BNR 1-6,DR,,DR,,,24,,,,,," $1,297.12 "," $31,130.88 ",Below,,, $-   , $-   ,,,
9,KAT,,116.2a-12-09,24,EA,"12""","12"" BOLT AND GASKET KIT (316 SSTL HARDWARE, TORUSEAL GASKET)",-,-,-,6/16/2026,8/3/2026,BNR 1-6,DR,,DR,,,24,,,,,, $119.27 ," $2,862.48 ",Below,,, $-   , $-   ,,,
9,KAT,,116.2a-12-10,121,EA,"12""","12"" MEGALUG W/ ACCESSORY KIT",-,-,-,6/16/2026,8/3/2026,BNR 1-6,DR,,DR,,121, ,7/2/2026,Chelsea Vohwinkle,Pipe Laydown,101 del 6/1/26; 20 del 7/2/26,, $124.00 ," $15,004.00 ",Below,3885, $124.00 ," $15,004.00 ", $-   ,,,
9,KAT,,116.2a-12-11,580,LF,"12""",CL51 DI RJ,DI,P401,Asphaltic,6/16/2026,8/3/2026,BNR 1-6,DR,,Drain,,,580,,,,,, $119.67 ," $69,408.60 ",Below,,, $-   , $-   ,,,
9,KAT,,116.2a-12-12,160,LF,"12""",CL51 DI PExRJBE,DI,P401,Asphaltic,6/16/2026,8/3/2026,BNR 1-6,DR,,Drain,,,160,,,,,, $119.67 ," $19,147.20 ",Below,,, $-   , $-   ,,,
,,,,,,,,,,,,,,,,,,, ,,,,,,, $-   ,,,, $-   , $-   ,,,
9,KAT,,PT-14,2,EA,"30""","30"" BLIND FLANGE w/ 2"" TAP",DI,ANY,ANY,6/16/2026,8/3/2026,Pressure Testing,Pressure Testing,,,,2, ,7/15/26,pablo Chapellin,Pipe Laydown,,,8638.45," $17,276.90 ",Above,4194(2),, $-   , $-   ,2,2026/07/23 (2) Trains 3&4 Mixed Liquor (Gore),
9,KAT,,PT-15,2,EA,"30""","30"" BOLT AND GASKET KIT (316 SSTL HARDWARE, TORUSEAL GASKET)",,,,6/16/2026,8/3/2026,Pressure Testing,Pressure Testing,,,,,2,,,,,,915.63," $1,831.26 ",Above,,, $-   , $-   ,,,
9,KAT,,PT-16,3,EA,"48""","48"" BLIND FLANGE w/ 2"" TAP",DI,P401,Primed,6/16/2026,8/3/2026,Influent Header,FM,,,,,3,,,,,," $29,023.00 "," $87,069.00 ",Above,,, $-   , $-   ,,,
9,KAT,,PT-17,3,EA,"48""","48"" BOLT AND GASKET KIT (316 SSTL HARDWARE, TORUSEAL GASKET)",,,,6/16/2026,8/3/2026,Influent Header,FM,,,,,3,,,,,," $3,371.19 "," $10,113.57 ",Above,4194(3),, $-   , $-   ,3,,
9,KAT,,PT-18,1,EA,"48""","48"" MJ PLUG w/ 2"" TAP",DI,P401,Asphaltic,6/16/2026,8/3/2026,Pressure Testing,Pressure Testing,,,,,1,,,,,," $11,601.28 "," $11,601.28 ",Below,,, $-   , $-   ,,07/22/2026 (1) Eastside of Headworks (Brittian),
9,KAT,,PT-19,1,EA,"48""","48"" GASKET AND HARDWARE FOR MJ PLUG",,,,6/16/2026,8/3/2026,Pressure Testing,Pressure Testing,,,,,1,,,,,, $636.54 , $636.54 ,Below,,, $-   , $-   ,,,
9,KAT,,PT-20,2,EA,"60""","60"" BLIND FLANGE w/ 2"" TAP",DI,ANY,ANY,6/16/2026,8/3/2026,Pressure Testing,Pressure Testing,,,,,2,,,,,," $32,041.89 "," $64,083.78 ",Above,,, $-   , $-   ,,,
9,KAT,,PT-21,2,EA,"60""","60"" BOLT AND GASKET KIT (316 SSTL HARDWARE, TORUSEAL GASKET)",,,,6/16/2026,8/3/2026,Pressure Testing,Pressure Testing,,,,,2,,,,,," $5,295.50 "," $10,591.00 ",Above,,, $-   , $-   ,,,
,,,,,,,,,,,,,,,,,,, ,,,,,,, $-   ,,,, $-   , $-   ,,,
9,KAT,,POLYTAPE-GR-01,3,CASE,,GREEN POLY WRAP TAPE,,,,6/16/2026,6/22/2026,All,All,,All,,,3,,,,$7.42/roll & 24 rolls/case,, $178.08 , $534.24 ,Below,,, $-   , $-   ,,,
9,KAT,,POLYTAPE-PU-01,2,CASE,,PURPLE POLY WRAP TAPE,,,,6/16/2026,6/22/2026,All,All,,All,,,2,,,,$7.42/roll & 24 rolls/case,, $178.08 , $356.16 ,Below,,, $-   , $-   ,,,
9,KAT,,POLYTAPE-RE-01,8,CASE,,RED POLY WRAP TAPE,,,,6/16/2026,6/22/2026,All,All,,All,,,8,,,,$7.42/roll & 24 rolls/case,, $178.08 ," $1,424.64 ",Below,,, $-   , $-   ,,,
9,KAT,,WIRE-01,10000,LF,10GA,10GA PURPLE CCS PE30 COPPER CLAD TRACER WIRE,,,,6/16/2026,8/3/2026,All,All,,All,,,10000,,,,,, $0.41 ," $4,100.00 ",Below,,, $-   , $-   ,,,
9,KAT,,WIRE-02,15000,LF,10GA,10GA GREEN CCS PE30 COPPER CLAD TRACER WIRE,,,,6/16/2026,8/3/2026,All,All,,All,,,15000,,,,,, $0.41 ," $6,150.00 ",Below,,, $-   , $-   ,,,
9,KAT,,CONN-01,25,EA,,COPPERHEAD 3WB-01 3W LUG CONN BLUE,,,,6/16/2026,8/3/2026,All,All,,All,,,25,,,,,, $11.33 , $283.25 ,Below,,, $-   , $-   ,,,
,,,,,,,,,,,,,,,,,,, ,,,,,,, $-   ,,,,,,,,
10,KAT,,TRASH-01,4,EA,"48""","""TRASH CAN"" PLUG",,,,6/19/2026,7/7/2026,All,All,,All,,,4,,,,,, $466.26 ," $1,865.04 ",,,,,,,,
10,KAT,,TRASH-02,4,EA,"36""","""TRASH CAN"" PLUG",,,,6/19/2026,7/7/2026,All,All,,All,,,4,,,,,, $296.28 ," $1,185.12 ",,,,,,,,
10,KAT,,TRASH-03,6,EA,"30""","""TRASH CAN"" PLUG",,,,6/19/2026,7/7/2026,All,All,,All,,,6,,,,,, $267.14 ," $1,602.84 ",,,,,,,,
10,KAT,,TRASH-04,4,EA,"24""","""TRASH CAN"" PLUG",,,,6/19/2026,7/7/2026,All,All,,All,,,4,,,,,, $192.53 , $770.12 ,,,,,,,,
10,KAT,,TRASH-05,6,EA,"12""","""TRASH CAN"" PLUG",,,,6/19/2026,7/7/2026,All,All,,All,,,6,,,,,, $114.75 , $688.50 ,,,,,,,,
10,KAT,,TRASH-06,4,EA,"08""","""TRASH CAN"" PLUG",,,,6/19/2026,7/7/2026,All,All,,All,,,4,,,,,, $51.00 , $204.00 ,,,,,,,,
10,KAT,,TRASH-07,4,EA,"06""","""TRASH CAN"" PLUG",,,,6/19/2026,7/7/2026,All,All,,All,,,4,,,,,, $40.80 , $163.20 ,,,,,,,,
10,KAT,,TRASH-08,2,EA,"10""","""TRASH CAN"" PLUG",,,,6/19/2026,7/7/2026,All,All,,All,,,2,,,,,, $87.98 , $175.96 ,,,,,,,,
10,KAT,,TRASH-09,4,EA,"16""","""TRASH CAN"" PLUG",,,,6/19/2026,7/7/2026,All,All,,All,,,4,,,,,, $130.05 , $520.20 ,,,,,,,,
,,,,,,,,,,,,,,,,,,, ,,,,,,, $-   ,,,,,,,,
4,ServCorp,,116.1U-12-06,6,EA,"24""x36""",PRECAST CONCRETE VALVE BOX W/ LIFTING PICK AND CUSTOM TEXT,,,,6/24/2026,7/24/2026,BNR 1 - 6,"12"" Drains BNR Underslab","60% QAQC - M20-303,M20-101,M20-401",DR,,,,,,,,," $1,795.48 "," $10,772.90 ",,,,,,,,
4,ServCorp,,116.1U-12-05,12,EA,"12""x2""","12"" x 2"" TAPPING SADDLE",,,,6/24/2026,7/24/2026,BNR 1 - 6,"12"" Drains BNR Underslab","60% QAQC - M20-303,M20-101,M20-401",DR,,,,,,,,, $58.42 , $700.99 ,,,,,,,,
,,,,,,,,,,,,,,,,,,,,,,,,,, $-   ,,,,,,,,
11,KAT,,116.6-06-01,140,LF,"06""",CL51 PExRJBE DI,DIP,P401,Asphaltic,7/7/2026,8/3/2026,CCB Underslab,DR,M40-101 DRAFT,DR,,,,,,,,, $57.50 ," $8,050.00 ",Below,,,,,,,
11,KAT,,116.6-06-02,7,EA,"06"" x 5'-00""",CL53 FLGxPE (TFS) SPOOL,DIP,P401,Asphaltic,7/7/2026,8/3/2026,CCB Underslab,DR,M40-101 DRAFT,DR,,,,,,,,,, $-   ,Below,,,,,,,
11,KAT,,116.6-06-03,7,EA,"06"" x 18'-00""",CL53 FLGxPE SPOOL,DIP,P401,Primed,7/7/2026,8/3/2026,CCB Underslab,DR,M40-101 DRAFT,DR,,,,,,,,,, $-   ,Riser,,,,,,,
11,KAT,,116.6-06-04,1,EA,"06""","06"" MJ 45 BEND",DIP,P401,Asphaltic,7/7/2026,8/3/2026,CCB Underslab,DR,M40-101 DRAFT,DR,,,,,,,,, $392.00 , $392.00 ,Below,,,,,,,
11,KAT,,116.6-06-05,14,EA,"06""","06"" MJ 90 BEND",DIP,P401,Asphaltic,7/7/2026,8/3/2026,CCB Underslab,DR,M40-101 DRAFT,DR,,,,,,,,, $392.00 ," $5,488.00 ",Below,,,,,,,
11,KAT,,116.6-06-06,8,EA,"06""","06"" BLIND FLANGE w/ 4"" TAP",DIP,P401,Primed,7/7/2026,8/3/2026,CCB Underslab,DR,M40-101 DRAFT,DR,,,,,,,,,, $-   ,Below,,,,,,,
11,KAT,,116.6-06-07,8,EA,"06""","06"" FLG BOLT AND GASKET KIT (316SSTL, TORUSEAL)",-,-,-,7/7/2026,8/3/2026,CCB Underslab,DR,M40-101 DRAFT,DR,,,,,,,,, $76.22 , $609.76 ,Below,,,,,,,
11,KAT,,116.6-06-08,30,EA,"06""","06"" MEGALUG W/ ACCESSORY KIT",-,-,-,7/7/2026,8/3/2026,CCB Underslab,DR,M40-101 DRAFT,DR,,30,,7/2/26,Chelsea Vohwinkle,Pipe Laydown,,, $49.00 ," $1,470.00 ",Below,,,,,,,
,,,,,,,,,,,,,,,,,,,,,,,,,,,,,,,,,,
11,KAT,lets split this up and do some PExRJBE,115.6-12-01,660,LF,"12""",CL51 DI RJ,DIP ,P401,Asphalitc,7/7/2026,8/31/2026,WAS Tank Underslab,DR,,General,,,,,,,,, $119.67 ," $78,982.20 ",Below,,,,,,,
11,KAT,,115.6-12-02,60,LF,"12""",CL51 PE x RJBE DI,DIP,P401,Asphalitc,7/7/2026,8/31/2026,WAS Tank Underslab,DR,,Off main,,,,,,,,, $119.67 ," $7,180.20 ",Below,,,,,,,
11,KAT,agree,115.6-12-03,4,EA,"12""","12"" MJ 45 DEG BEND",DIP ,P401,Asphalitc,7/7/2026,8/31/2026,WAS Tank Underslab,DR,,Cleanout,,,,,,,,, $943.00 ," $3,772.00 ",Below,,,,,,,
11,KAT,"I see 6, with 3 12x6 or 12x8 WYEs",115.6-12-04,9,EA,"12""","12"" MJ WYE",DIP ,P401,Asphalitc,7/7/2026,8/31/2026,WAS Tank Underslab,DR,,Yard Pipe,,,,,,,,," $2,144.00 "," $19,296.00 ",Below,,,,,,,
11,KAT,agree,115.6-12-05,5,EA,"12""","12"" MJ 22.5 DEG BEND",DIP,P401,Asphalitc,7/7/2026,8/31/2026,WAS Tank Underslab,DR,,Yard Pipe,,,,,,,,,, $-   ,Below,,,,,,,
11,KAT,"should be 3, 3 8"" 90s. Need 8"" Pipe and Riser",115.6-12-06,9,EA,"12""","12"" MJ 90 DEG BEND",DIP,P401,Asphalitc,7/7/2026,8/31/2026,WAS Tank Underslab,DR,,General,,,,,,,,," $1,073.00 "," $9,657.00 ",Below,,,,,,,
11,KAT,"re-do with 8"" fittings",115.6-12-07,84,EA,"12""","12"" MEGALUG W/ ACCESSORY KIT",-,-,-,7/7/2026,8/31/2026,WAS Tank Underslab,DR,,General,,69,15,7/2/26,Chelsea Vohwinkle,Laydown,,, $124.00 ," $10,416.00 ",Below,,,,,,,
,,,,,,,,,,,,,,,,,,,,,,,,,,,,,,,,,,
,,,,,,,,,,,,,,,,,,,,,,,,,,,,,,,,,,
11,KAT,,115.7-12-01,3,EA,"12"" x 14'-00",CL51 PE x FLG DI,DIP,P401,Primed,7/7/2026,8/31/2026,WAS Tank Underslab,DR,,Decanter and Overflow,,,,,,,,,, $-   ,Riser,,,,,,,
13,KAT,,115.7.12.04,3,EA,"12"" X 18'-00""","CL51 PE X FLG DI W/ WC 3'6"" FROM FLANGE",DIP,P401,Primed,,,WAS Tank Underslab,DR,,Overflow ,,,,,,,,,,,,,,,,,,
,,,,,,,,,,,,,,,,,,,,,,,,,,,,,,,,,,
11,KAT,these are for the cleanouts? Need to figure out best way to transition to PVC. Probably use C900,115.8-12-01,3,EA,"12""x12""x 6""","12"" x 6"" MJ WYE",DIP ,P401,Asphaltic,7/7/2026,8/31/2026,WAS Tank Underslab,DR,,Cleanout,,,,,,,,,, $-   ,Below,,,,,,,
11,KAT,,115.8-12-02,3,EA,"12""","12"" DI PLUG w/ 4"" TAP",DIP,P401,Asphaltic,7/7/2026,8/31/2026,WAS Tank Underslab,DR,,Cleanout,,,,,,,,,732," $2,196.00 ",Below,,,,,,,
11,KAT,,115.8-12-03,3,EA,"12""","12"" GASKET AND HARDWARE FOR MJ PLUG",-,-,-,7/7/2026,8/31/2026,WAS Tank Underslab,DR,,Cleanout,,9,,7/2/26,Chelsea Vohwinkle,Pipe Laydown,,, $48.41 , $145.23 ,Below,,,,,,,
11,KAT,,115.8-12-04,9,EA,"06""","06"" MEGALUG W/ ACCESSORY KIT",DIP,P401,Asphaltic,7/7/2026,8/31/2026,WAS Tank Underslab,DR,,Cleanout,,9,,7/2/26,Chelsea Vohwinkle,Pipe Laydown,,, $49.00 , $441.00 ,Below,,,,,,,
11,KAT,,115.8-12-05,3,EA,"06""","06"" MJ 45 DEG BEND",DIP,P401,Asphaltic,7/7/2026,8/31/2026,WAS Tank Underslab,DR,,Cleanout,,,,,,,,,392," $1,176.00 ",Below,,,,,,,
11,KAT,,115.8-12-06,9,EA,"06""","06"" PVC MEGALUG W/ ACCESSORY KIT",-,-,-,7/7/2026,8/31/2026,WAS Tank Underslab,DR,,Cleanout,,,,,,,,,49, $441.00 ,Below,,,,,,,
,,,,,,,,,,,,,,,,,,,,,,,,,,,,,,,,,,
11,KAT,lets split this up and do some PExRJBE,118.1-16-01,500,LF,"16""",CL51 DI RJ,DIP,P401,Asphaltic,7/7/2026,8/31/2026,WAS Tank Underslab,SL,,,,,,,,,,, $171.56 ," $85,780.00 ",Below,,,,,,,
11,KAT,,118.1-16-02,60,LF,"16""",CL51 PE x RJBE DI,DIP,P401,Asphaltic,7/7/2026,8/31/2026,WAS Tank Underslab,SL,,,,,,,,,,, $171.56 ," $10,293.60 ",Below,,,,,,,
11,KAT,agree,118.1-16-03,8,EA,"16""","16"" MJ 45 DEG BEND",DIP,P401,Asphaltic,7/7/2026,8/31/2026,WAS Tank Underslab,SL,,,,,,,,,,," $1,587.00 "," $12,696.00 ",Below,,,,,,,
11,KAT,agree,118.1-16-04,2,EA,"16""","16"" MJ WYE",DIP,P401,Asphaltic,7/7/2026,8/31/2026,WAS Tank Underslab,SL,,,,,,,,,,,, $-   ,Below,,,,,,,
11,KAT,agree,118.1-16-05,1,EA,"16""","16"" MJ TEE",DIP,P401,Asphaltic,7/7/2026,8/31/2026,WAS Tank Underslab,SL,,,,,,,,,,," $2,767.93 "," $2,767.93 ",Below,,,,,,,
11,KAT,agree,118.1-16-06,1,EA,"16""","16"" MJ PLUG w/ 2"" TAP",DIP,P401,Asphaltic,7/7/2026,8/31/2026,WAS Tank Underslab,SL,,,,,,,,,,,, $-   ,Below,,,,,,,
11,KAT,agree,118.1-16-07,1,EA,"16""","16"" GASKET AND HARDWARE FOR MJ PLUG",DIP,P401,Asphaltic,7/7/2026,8/31/2026,WAS Tank Underslab,SL,,,,,,,,,,,, $-   ,Below,,,,,,,
11,KAT,add one for MJ wall pipe,118.1-16-08,40,EA,"16""","16"" MEGALUG W/ ACCESSORY KIT",DIP ,P401,Asphaltic,7/7/2026,8/31/2026,WAS Tank Underslab,SL,,,,33,7,7/2/26,Chelsea Vohwinkle,Pipe Laydown,33 del 7/2/26,, $209.00 ," $8,360.00 ",Below,,,,,,,
11,KAT,Specify Wall collar from PE not MJ. Also wouldn’t it be 6’6” From the MJ?,118.1-16-09,3,EA,"16"" x 6'0""","MJ X WC x FLG TFS DIP W/ WC 6"" FROM FLG",DIP,P401,Asphaltic,7/7/2026,8/31/2026,WAS Tank Underslab,SL,,,,,,,,,,,, $-   ,Below,,,,,,,
,,,,,,,,,,,,,,,,,,,,,,,,,,,,,,,,,,
11,KAT,,127U-04-01,79,EA,"04""","04"" MJ 45 BEND",DIP,P401,Asphaltic,7/7/2026,8/3/2026,Headworks Underslab,SS,,SS,,,,,,,,, $255.00 ," $20,145.00 ",Below,,,,,,,
11,KAT,,127U-04-02,6,EA,"04""","04"" MJ WYE",DIP,P401,Asphaltic,7/7/2026,8/3/2026,Headworks Underslab,SS,,SS,,,,,,,,,, $-   ,Below,,,,,,,
11,KAT,,127U-08-01,5,EA,"08""","08"" MJ 45 BEND",DIP,P401,Asphaltic,7/7/2026,8/3/2026,Headworks Underslab,SS,,SS,,,,,,,,, $542.00 ," $2,710.00 ",Below,,,,,,,
11,KAT,,127U-08-02,5,EA,"08"" x 04""","08"" x 04"" MJ REDUCER",DIP,P401,Asphaltic,7/7/2026,8/3/2026,Headworks Underslab,SS,,SS,,,,,,,,,, $-   ,Below,,,,,,,
11,KAT,,127U-08-03,35,EA,"08"" x 04""","08"" x 04"" MJ WYE",DIP,P401,Asphaltic,7/7/2026,8/3/2026,Headworks Underslab,SS,,SS,,,,,,,,,, $-   ,Below,,,,,,,
11,KAT,,127U-08-04,2,EA,"08""","08"" MJ WYE",DIP,P401,Asphaltic,7/7/2026,8/3/2026,Headworks Underslab,SS,,SS,,,,,,,,, $962.00 ," $1,924.00 ",Below,,,,,,,
11,KAT,,127U-04-03,19,EA,"04""","04"" MEGALUG W/ ACCESSORY KIT",,,,7/7/2026,8/3/2026,Headworks Underslab,SS,,SS,,19,,7/2/26,Chelsea Vohwinkle,Pipe Laydown,,, $39.00 , $741.00 ,Below,,,,,,,
11,KAT,,127U-04-04,196,EA,"04""","04"" PVC MEGALUG W/ ACCESSORY KIT",,,,7/7/2026,8/3/2026,Headworks Underslab,SS,,SS,,,,,,,,, $39.00 ," $7,644.00 ",Below,,,,,,,
11,KAT,,127U-08-05,91,EA,"08""","08"" PVC MEGALUG W/ ACCESSORY KIT",,,,7/7/2026,8/3/2026,Headworks Underslab,SS,,SS,,,91,,,,,, $66.00 ," $6,006.00 ",Below,3885, $66.00 , $-   ,,,,
11,KAT,,127U-04-05,6,EA,"04""",FOSTER ADAPTER,DIP,P401,Asphaltic,7/7/2026,8/3/2026,Headworks Underslab,SS,,SS,,,,,,,,,, $-   ,Below,,,,,,,
,,,,,,,,,,,,,,,,,,,,,,,,,, $-   ,,,,,,,,
12,KAT,,SEE DRAWING,1384,LF,"48""",CL50 DI RJ,DIP,CML,Asphaltic,7/15/2026,11/2/2026,RCW Yard,RCW,,RCW,YOGI,,,,,,All per Core and Main Drawing,, $854.34 ," $1,182,406.56 ",Below,,,,,,,
,,,,,,,,,,,,,,,,,,,,,,,,,,,,,,,,,,
6,ServCorp,,116.1U-02-01,40,LF,"2""",C900 PVC,C900,-,-,,,WAS Underslab,DR,,Cleanout,,,,,,,,,,,,,,,,,,
6,ServCorp,,116.1U-06-01,40,LF,"6""",C900 PVC,C900,-,-,,,WAS Underslab,DR,,Cleanout,,,,,,,,,,,,,,,,,,
6,ServCorp,,116.1U-12-06,3,EA,"24"" x 36""",PRECAST CONCRETE VALVE BOX W/ LIFTING PICK AND CUSTOM TEXT,-,-,-,,,,,,,,,,,,,,,,,,,,,,,,
6,ServCorp,,116.1U-12-05,3,EA,"12"" x 2""","12"" x 2"" TAPPING SADDLE",-,-,-,,,,,,,,,,,,,,,,,,,,,,,,
6,ServCorp,,116.1u-12-07,3,EA,"6""","6"" C900 PVC CAP",C900,-,-,,,,,,,,,,,,,,,,,,,,,,,,
,,,,,,,,,,,,,,,,,,,,,,,,,,,,,,,,,,
EMAIL,KAT,,CONN-01,25,EA,,COPPERHEAD 3WB-01 3W LUG CONN BLUE,,,,8/3/2026,8/10/2026,All,All,,All,,,25,,,,,, $11.33 , $283.25 ,Below,,, $-   , $-   ,,,
,,,,,,,,,,,,,,,,,,,,,,,,,,,,,,,,,,
13,KAT,,115.6U-12-03,3,EA,"12"" x 6'0""","FLG X WC x PE DIP W/ WC 6"" OFF FLG",DIP,P401,Asphalitc,,,WAS Tank Underslab,DR,,DR Riser into sump,,,,,,,,,,,,,,,,,,
13,KAT,,120.1-12-01,3,EA,"12"" X 15'-00""","CL51 PE X FLG DI W/ WC 3'6"" FROM FLANGE",DIP,P401,Primed,,,WAS Tank Underslab,WAS,,Tank Influent,,,,,,,,,,,,,,,,,,
13,KAT,,120.1-12-02,4,EA,"12""","12"" MJ 90 DEG BEND",DIP,P401,Asphalitc,,,WAS Tank Underslab,WAS,,Tank Influent,,,,,,,,,,,,,,,,,,
13,KAT,,120.1-12-03,1060,LF,"12""",CL51 DI RJ,DIP,P401,Asphalitc,,,WAS Tank Underslab,WAS,,Tank Influent,,,,,,,,,,,,,,,,,,
13,KAT,,120.1-12-04,1,EA,"12""","12"" MJ TEE",DIP,P401,Asphalitc,,,WAS Tank Underslab,WAS,,Tank Influent,,,,,,,,,,,,,,,,,,
13,KAT,,120.1-12-05,60,LF,"12""",CL51 PE x RJBE DI,DIP,P401,Asphalitc,,,WAS Tank Underslab,WAS,,Tank Influent,,,,,,,,,,,,,,,,,,
13,KAT,,120.1-12-06,1,EA,"12""","12"" MJ CROSS",DIP,P401,Asphalitc,,,WAS Tank Underslab,WAS,,Tank Influent,,,,,,,,,,,,,,,,,,
13,KAT,,120.1-12-07,1,EA,"12""","12"" MJ PLUG W/ 2"" TAP",DIP,P401,Asphalitc,,,WAS Tank Underslab,WAS,,Tank Influent,,,,,,,,,,,,,,,,,,
13,KAT,,120.1-12-08,1,EA,"12"" ","12"" GASKET AND HARDWARE FOR MJ PLUG",DIP,P401,Asphalitc,,,WAS Tank Underslab,WAS,,Tank Influent,,,,,,,,,,,,,,,,,,
13,KAT,,120.1-12-09,20,EA,"12""","12"" MEGALUG W/ ACCESSORY KIT ",DIP,P401,Asphalitc,,,WAS Tank Underslab,WAS,,Tank Influent,,,,,,,,,,,,,,,,,,
13,KAT,,120.1-12-10,1,EA,"12""","12"" MJ 45 DEG BEND",DIP,P401,Asphaltic,,,WAS Pump Station,WAS,,,,,,,,,,,,,,,,,,,,
,,,,,,,,,,,,,,,,,,,,,,,,,,,,,,,,,,
6,ServCorp,,127U.7-04-01,23,EA,"4""","4"" INCH FLOOR DRAIN",-,-,-,,,Headworks Underslab,DR,,,,,,,,,,,,,,,,,,,,
6,ServCorp,,127U.7-04-02,23,EA,"4"" x 4"" ","4"" FERNCO",-,-,-,,,Headworks Underslab,DR,,,,,,,,,,,,,,,,,,,,
6,ServCorp,,127U.7-04-03,200,LF,"4""",C900 PVC,C900,-,-,,,Headworks Underslab,DR,,,,,,,,,,,,,,,,,,,,
,,,,,,,,,,,,,,,,,,,,,,,,,,,,,,,,,,
13,KAT,,118.1-16-10,1,EA,"16"" x 12""","16"" x 12"" MJ REDUCER",DIP,P401,Asphaltic,,,Dewatering Pump Station,WAS,,,,,,,,,,,,,,,,,,,,
,,,,,,,,,,,,,,,,,,,,,,,,,,,,,,,,,,
13,KAT,,101-48-01,1060,LF,"48""",CL50 DI RJ,DI,P401,Asphaltic,,,Tie-in to Influent Flow Meter,"48"" Force Main Influent",,,,,,,,,,,,,,,,,,,,
13,KAT,,101-48-03,2,EA,"48""","48"" MJ 45 BEND",DI,P402,Asphaltic,,,Tie-in to Influent Flow Meter,"48"" Force Main Influent",,,,,,,,,,,,,,,,,,,,
14,KAT,,101-48-05,4,EA,"48""","48"" Megalug w/ Accessory Kit",,,,,,,,,,,,,,,,,,,,,,,,,,,
,,,,,,,,,,,,,,,,,,,,,,,,,,,,,,,,,,
13,KAT,,108a-54-10,3,EA,"54""","54"" MJ 45 DEG BEND",DI,CML,Asphaltic,,,Reject Tanks to High Service Pump Station,RW,,,,,,,,,,,,,,,,,,,,
13,KAT,,108a-54-08,6,EA,"54""","54"" Megalug w/ Accessory Kit",-,-,-,,,Reject Tanks to High Service Pump Station,RW,,,,,,,,,,,,,,,,,,,,
13,KAT,,108a-54-09,6,EA,"54""","54"" GASKET AND HARDWARE FOR PLUG",-,-,-,,,Reject Tanks to High Service Pump Station,RW,,,,,,,,,,,,,,,,,,,,
